symbol,entry_time,exit_time,entry_price,exit_price,pnl_pct
C2,2023-11-10 07:00:00+00:00,2023-11-10 08:00:00+00:00,36439.98,36516.3,0.002094402905819369
C1,2023-11-10 08:00:00+00:00,2023-11-10 09:00:00+00:00,0.3788,0.3849,0.016103484688489954
C10,2023-11-10 08:00:00+00:00,2023-11-10 09:00:00+00:00,252.3,253.4,0.004359889021006715
C13,2023-11-10 07:00:00+00:00,2023-11-10 09:00:00+00:00,5.084,5.109,0.004917387883556325
C14,2023-11-10 06:00:00+00:00,2023-11-10 09:00:00+00:00,9.17,9.169,-0.0001090512540893616
C15,2023-11-10 07:00:00+00:00,2023-11-10 09:00:00+00:00,0.8275,0.8393,0.014259818731117865
C8,2023-11-10 07:00:00+00:00,2023-11-10 10:00:00+00:00,0.6533,0.6582,0.00750038267258536
C9,2023-11-10 06:00:00+00:00,2023-11-10 10:00:00+00:00,73.39,73.36,-0.0004087750374710606
C18,2023-11-10 10:00:00+00:00,2023-11-10 11:00:00+00:00,0.24275,0.2438,0.004325437693099878
C19,2023-11-10 11:00:00+00:00,2023-11-10 14:00:00+00:00,0.4066,0.3991,-0.018445646827348762
C5,2023-11-10 13:00:00+00:00,2023-11-10 15:00:00+00:00,13.16,13.31,0.01139817629179334
C11,2023-11-10 13:00:00+00:00,2023-11-10 16:00:00+00:00,0.3689,0.3732,0.011656275413391082
C13,2023-11-10 15:00:00+00:00,2023-11-10 16:00:00+00:00,5.03,5.098,0.0135188866799204
C14,2023-11-10 15:00:00+00:00,2023-11-10 16:00:00+00:00,9.093,9.176,0.009127900582865962
C7,2023-11-10 13:00:00+00:00,2023-11-10 16:00:00+00:00,0.07361,0.0742,0.008015215324004989
C2,2023-11-10 16:00:00+00:00,2023-11-10 17:00:00+00:00,37377.46,37200.47,-0.004735206726192683
C1,2023-11-10 16:00:00+00:00,2023-11-10 19:00:00+00:00,0.3981,0.4065,0.0211002260738507
C3,2023-11-10 22:00:00+00:00,2023-11-10 23:00:00+00:00,2081.7,2077.72,-0.0019118989287601569
C14,2023-11-10 23:00:00+00:00,2023-11-11 00:00:00+00:00,9.178,9.151,-0.0029418173894095686
C17,2023-11-10 18:00:00+00:00,2023-11-11 01:00:00+00:00,98.86,97.23,-0.016487962775642278
C2,2023-11-11 01:00:00+00:00,2023-11-11 02:00:00+00:00,37053.25,37106.28,0.0014311834994230961
C5,2023-11-11 03:00:00+00:00,2023-11-11 04:00:00+00:00,14.15,14.06,-0.006360424028268541
C13,2023-11-11 04:00:00+00:00,2023-11-11 05:00:00+00:00,5.152,5.235,0.016110248447205003
C8,2023-11-11 03:00:00+00:00,2023-11-11 06:00:00+00:00,0.6491,0.6535,0.0067786165459866885
C15,2023-11-11 04:00:00+00:00,2023-11-11 07:00:00+00:00,0.8097,0.8137,0.004940101272076082
C9,2023-11-11 01:00:00+00:00,2023-11-11 08:00:00+00:00,72.44,73.19,0.010353395913859746
C1,2023-11-11 08:00:00+00:00,2023-11-11 09:00:00+00:00,0.4351,0.4354,0.0006894966674328257
C14,2023-11-11 07:00:00+00:00,2023-11-11 09:00:00+00:00,9.005,9.068,0.0069961132704052
C6,2023-11-11 04:00:00+00:00,2023-11-11 09:00:00+00:00,15.018,15.029,0.0007324543880676011
C17,2023-11-11 11:00:00+00:00,2023-11-11 12:00:00+00:00,96.36,97.34,0.010170195101701992
C13,2023-11-11 13:00:00+00:00,2023-11-11 14:00:00+00:00,5.345,5.451,0.0198316183348924
C8,2023-11-11 15:00:00+00:00,2023-11-11 16:00:00+00:00,0.6729,0.6773,0.006538861643631979
C11,2023-11-11 15:00:00+00:00,2023-11-11 17:00:00+00:00,0.3876,0.3888,0.003095975232198088
C17,2023-11-11 19:00:00+00:00,2023-11-11 20:00:00+00:00,99.15,97.45,-0.017145738779626857
C4,2023-11-11 20:00:00+00:00,2023-11-11 21:00:00+00:00,57.67,58.1,0.007456216403676083
C9,2023-11-11 20:00:00+00:00,2023-11-11 22:00:00+00:00,75.83,75.07,-0.010022418567849203
C3,2023-11-11 21:00:00+00:00,2023-11-11 23:00:00+00:00,2045.35,2053.17,0.0038233065245557797
C11,2023-11-12 00:00:00+00:00,2023-11-12 01:00:00+00:00,0.3757,0.3797,0.010646792653713079
C13,2023-11-12 00:00:00+00:00,2023-11-12 01:00:00+00:00,5.442,5.603,0.029584711503123775
C16,2023-11-12 00:00:00+00:00,2023-11-12 01:00:00+00:00,5.266,5.315,0.009304975313330873
C8,2023-11-12 00:00:00+00:00,2023-11-12 01:00:00+00:00,0.6537,0.6578,0.006271990209576417
C10,2023-11-12 00:00:00+00:00,2023-11-12 02:00:00+00:00,246.7,247.8,0.004458856911228304
C19,2023-11-12 02:00:00+00:00,2023-11-12 03:00:00+00:00,0.4028,0.4087,0.01464746772591861
C1,2023-11-12 00:00:00+00:00,2023-11-12 04:00:00+00:00,0.4144,0.4054,-0.021718146718146737
C6,2023-11-12 02:00:00+00:00,2023-11-12 05:00:00+00:00,15.651,15.862,0.013481566673056054
C14,2023-11-11 22:00:00+00:00,2023-11-12 06:00:00+00:00,9.245,9.377,0.01427798810167674
C13,2023-11-12 08:00:00+00:00,2023-11-12 10:00:00+00:00,5.733,5.848,0.020059305773591527
C14,2023-11-12 12:00:00+00:00,2023-11-12 13:00:00+00:00,9.34,9.353,0.0013918629550321094
C6,2023-11-12 12:00:00+00:00,2023-11-12 15:00:00+00:00,15.796,15.938,0.008989617624715196
C11,2023-11-12 16:00:00+00:00,2023-11-12 17:00:00+00:00,0.3812,0.3822,0.00262329485834208
C9,2023-11-12 16:00:00+00:00,2023-11-12 17:00:00+00:00,74.82,74.8,-0.00026730820636188213
C1,2023-11-12 12:00:00+00:00,2023-11-12 18:00:00+00:00,0.4161,0.4155,-0.0014419610670512975
C13,2023-11-12 16:00:00+00:00,2023-11-12 20:00:00+00:00,5.711,5.747,0.0063036245841358056
C16,2023-11-12 12:00:00+00:00,2023-11-12 21:00:00+00:00,5.325,5.488,0.0306103286384977
C4,2023-11-12 14:00:00+00:00,2023-11-12 21:00:00+00:00,58.93,56.98,-0.033090106906499286
C6,2023-11-12 22:00:00+00:00,2023-11-12 23:00:00+00:00,16.117,16.025,-0.0057082583607372525
C17,2023-11-12 17:00:00+00:00,2023-11-13 00:00:00+00:00,95.78,103.34,0.07893088327417
C1,2023-11-13 03:00:00+00:00,2023-11-13 04:00:00+00:00,0.4122,0.4075,-0.011402231926249484
C14,2023-11-13 03:00:00+00:00,2023-11-13 04:00:00+00:00,9.411,9.606,0.020720433535224767
C7,2023-11-13 03:00:00+00:00,2023-11-13 04:00:00+00:00,0.07645,0.07653,0.0010464355788096368
C13,2023-11-13 04:00:00+00:00,2023-11-13 07:00:00+00:00,5.617,5.705,0.015666726010325812
C4,2023-11-13 07:00:00+00:00,2023-11-13 08:00:00+00:00,58.24,59.27,0.01768543956043958
C6,2023-11-13 05:00:00+00:00,2023-11-13 08:00:00+00:00,15.394,15.542,0.009614135377419753
C16,2023-11-13 05:00:00+00:00,2023-11-13 09:00:00+00:00,5.359,5.458,0.01847359582011573
C18,2023-11-13 08:00:00+00:00,2023-11-13 09:00:00+00:00,0.25689,0.25576,-0.004398769901514344
C9,2023-11-13 03:00:00+00:00,2023-11-13 09:00:00+00:00,73.72,73.93,0.0028486163863267492
C1,2023-11-13 11:00:00+00:00,2023-11-13 12:00:00+00:00,0.4012,0.4077,0.016201395812562327
C11,2023-11-13 11:00:00+00:00,2023-11-13 12:00:00+00:00,0.3679,0.3694,0.004077194889915742
C7,2023-11-13 11:00:00+00:00,2023-11-13 12:00:00+00:00,0.07713,0.0779,0.009983145339037896
C13,2023-11-13 13:00:00+00:00,2023-11-13 15:00:00+00:00,5.541,5.588,0.008482223425374427
C15,2023-11-13 11:00:00+00:00,2023-11-13 15:00:00+00:00,0.8677,0.8915,0.02742883485075479
C5,2023-11-13 12:00:00+00:00,2023-11-13 15:00:00+00:00,17.56,17.6,0.002277904328018377
C6,2023-11-13 14:00:00+00:00,2023-11-13 16:00:00+00:00,15.028,15.117,0.005922278413627921
C4,2023-11-13 16:00:00+00:00,2023-11-13 18:00:00+00:00,55.53,54.04,-0.026832342877723788
C16,2023-11-13 18:00:00+00:00,2023-11-13 19:00:00+00:00,5.446,5.489,0.007895703268453938
C9,2023-11-13 17:00:00+00:00,2023-11-13 20:00:00+00:00,72.45,73.19,0.010213940648723186
C3,2023-11-13 21:00:00+00:00,2023-11-13 22:00:00+00:00,2058.98,2058.67,-0.00015055998601246512
C1,2023-11-13 21:00:00+00:00,2023-11-13 23:00:00+00:00,0.3801,0.3738,-0.016574585635359042
C8,2023-11-13 21:00:00+00:00,2023-11-13 23:00:00+00:00,0.655,0.6702,0.023206106870228994
C11,2023-11-13 21:00:00+00:00,2023-11-14 00:00:00+00:00,0.3592,0.3503,-0.024777282850779563
C15,2023-11-13 21:00:00+00:00,2023-11-14 00:00:00+00:00,0.91,0.8619,-0.05285714285714289
C5,2023-11-13 21:00:00+00:00,2023-11-14 01:00:00+00:00,16.25,16.42,0.010461538461538567
C6,2023-11-13 22:00:00+00:00,2023-11-14 01:00:00+00:00,14.488,14.614,0.008696852567642271
C10,2023-11-14 00:00:00+00:00,2023-11-14 02:00:00+00:00,239.2,242.0,0.011705685618729145
C17,2023-11-13 23:00:00+00:00,2023-11-14 02:00:00+00:00,92.95,93.33,0.004088219472834808
C7,2023-11-13 20:00:00+00:00,2023-11-14 02:00:00+00:00,0.07634,0.07479,-0.020303903589206307
C13,2023-11-13 22:00:00+00:00,2023-11-14 03:00:00+00:00,5.353,5.372,0.003549411544928102
C15,2023-11-14 01:00:00+00:00,2023-11-14 03:00:00+00:00,0.8822,0.9095,0.030945363863069588
C18,2023-11-13 21:00:00+00:00,2023-11-14 03:00:00+00:00,0.24502,0.24212,-0.01183576850869311
C9,2023-11-14 02:00:00+00:00,2023-11-14 03:00:00+00:00,71.93,71.86,-0.0009731683581260584
C14,2023-11-13 20:00:00+00:00,2023-11-14 04:00:00+00:00,9.592,9.325,-0.027835696413678192
C19,2023-11-13 22:00:00+00:00,2023-11-14 04:00:00+00:00,0.3876,0.3894,0.004643962848297275
C16,2023-11-14 03:00:00+00:00,2023-11-14 05:00:00+00:00,5.231,5.285,0.010323073982030256
C13,2023-11-14 09:00:00+00:00,2023-11-14 12:00:00+00:00,5.424,5.286,-0.02544247787610634
C16,2023-11-14 11:00:00+00:00,2023-11-14 12:00:00+00:00,5.11,5.131,0.004109589041095872
C9,2023-11-14 09:00:00+00:00,2023-11-14 12:00:00+00:00,71.54,70.82,-0.010064299692479914
C4,2023-11-14 11:00:00+00:00,2023-11-14 13:00:00+00:00,52.65,55.7,0.05792972459639135
C7,2023-11-14 10:00:00+00:00,2023-11-14 13:00:00+00:00,0.07433,0.07444,0.0014798869904481754
C11,2023-11-14 11:00:00+00:00,2023-11-14 14:00:00+00:00,0.3567,0.3711,0.040370058873002435
C5,2023-11-14 09:00:00+00:00,2023-11-14 14:00:00+00:00,16.97,18.01,0.061284619917501636
C14,2023-11-14 12:00:00+00:00,2023-11-14 16:00:00+00:00,9.069,9.368,0.0329694563898996
C18,2023-11-14 15:00:00+00:00,2023-11-14 16:00:00+00:00,0.23885,0.24024,0.005819552020096304
C3,2023-11-14 15:00:00+00:00,2023-11-14 16:00:00+00:00,2038.09,2045.37,0.0035719717971237643
C6,2023-11-14 07:00:00+00:00,2023-11-14 16:00:00+00:00,14.802,14.356,-0.030131063369814873
C15,2023-11-14 14:00:00+00:00,2023-11-14 18:00:00+00:00,0.9204,0.8619,-0.0635593220338983
C4,2023-11-14 19:00:00+00:00,2023-11-14 20:00:00+00:00,55.1,55.38,0.005081669691470075
C1,2023-11-14 18:00:00+00:00,2023-11-14 21:00:00+00:00,0.3644,0.383,0.05104281009879255
C13,2023-11-14 18:00:00+00:00,2023-11-14 21:00:00+00:00,5.095,5.225,0.02551521099116779
C15,2023-11-14 19:00:00+00:00,2023-11-14 21:00:00+00:00,0.8797,0.9045,0.02819142889621454
C2,2023-11-14 15:00:00+00:00,2023-11-14 21:00:00+00:00,36147.09,35575.99,-0.01579933543751374
C5,2023-11-14 20:00:00+00:00,2023-11-14 21:00:00+00:00,16.83,17.09,0.015448603683897897
C7,2023-11-14 20:00:00+00:00,2023-11-14 23:00:00+00:00,0.07172,0.07244,0.010039040713887316
C11,2023-11-14 23:00:00+00:00,2023-11-15 00:00:00+00:00,0.3579,0.358,0.0002794076557697373
C14,2023-11-14 22:00:00+00:00,2023-11-15 00:00:00+00:00,9.095,9.121,0.0028587135788894777
C16,2023-11-14 18:00:00+00:00,2023-11-15 00:00:00+00:00,4.917,5.122,0.04169208867195446
C3,2023-11-14 23:00:00+00:00,2023-11-15 00:00:00+00:00,1979.39,1981.9,0.0012680674349168132
C14,2023-11-15 06:00:00+00:00,2023-11-15 07:00:00+00:00,9.141,9.216,0.008204791598293326
C11,2023-11-15 06:00:00+00:00,2023-11-15 08:00:00+00:00,0.3598,0.3654,0.015564202334630333
C13,2023-11-15 03:00:00+00:00,2023-11-15 10:00:00+00:00,5.205,5.357,0.029202689721421735
C3,2023-11-15 10:00:00+00:00,2023-11-15 11:00:00+00:00,1990.16,2013.15,0.011551835028339435
C11,2023-11-15 14:00:00+00:00,2023-11-15 15:00:00+00:00,0.3663,0.3715,0.014196014196014147
C15,2023-11-15 09:00:00+00:00,2023-11-15 17:00:00+00:00,0.9402,0.8928,-0.05041480536056158
C16,2023-11-15 17:00:00+00:00,2023-11-15 18:00:00+00:00,5.254,5.331,0.014655500570993692
C6,2023-11-15 08:00:00+00:00,2023-11-15 18:00:00+00:00,14.737,15.101,0.02469973535997834
C15,2023-11-15 18:00:00+00:00,2023-11-15 22:00:00+00:00,0.9074,0.9283,0.023032841084417048
C2,2023-11-16 00:00:00+00:00,2023-11-16 02:00:00+00:00,37765.63,37507.25,-0.006841670587780408
C15,2023-11-16 04:00:00+00:00,2023-11-16 06:00:00+00:00,0.9184,0.9381,0.021450348432055805
C2,2023-11-16 08:00:00+00:00,2023-11-16 09:00:00+00:00,37300.4,37355.47,0.0014763916740839161
C14,2023-11-16 12:00:00+00:00,2023-11-16 13:00:00+00:00,9.778,9.792,0.0014317856412353596
C6,2023-11-16 01:00:00+00:00,2023-11-16 15:00:00+00:00,14.899,14.131,-0.051547083696892336
C3,2023-11-16 15:00:00+00:00,2023-11-16 16:00:00+00:00,1995.67,2008.41,0.0063838209724052615
C7,2023-11-16 15:00:00+00:00,2023-11-16 16:00:00+00:00,0.0769,0.07763,0.009492847854356418
C6,2023-11-16 16:00:00+00:00,2023-11-16 18:00:00+00:00,14.076,14.058,-0.0012787723785166725
C15,2023-11-16 12:00:00+00:00,2023-11-16 20:00:00+00:00,0.9021,0.8472,-0.06085799800465587
C4,2023-11-16 11:00:00+00:00,2023-11-16 20:00:00+00:00,64.03,60.93,-0.048414805559893824
C10,2023-11-16 18:00:00+00:00,2023-11-16 22:00:00+00:00,244.4,242.9,-0.0061374795417348605
C18,2023-11-16 15:00:00+00:00,2023-11-16 22:00:00+00:00,0.25265,0.25005,-0.010290916287354013
C2,2023-11-16 15:00:00+00:00,2023-11-16 22:00:00+00:00,36406.0,36217.58,-0.005175520518595788
C1,2023-11-16 23:00:00+00:00,2023-11-17 00:00:00+00:00,0.4328,0.4456,0.029574861367837286
C13,2023-11-16 13:00:00+00:00,2023-11-17 00:00:00+00:00,5.521,5.415,-0.019199420394855983
C11,2023-11-16 19:00:00+00:00,2023-11-17 01:00:00+00:00,0.367,0.3777,0.029155313351498603
C16,2023-11-16 14:00:00+00:00,2023-11-17 01:00:00+00:00,5.393,5.342,-0.009456703133691851
C6,2023-11-17 01:00:00+00:00,2023-11-17 03:00:00+00:00,14.253,13.988,-0.018592577001333092
C10,2023-11-17 06:00:00+00:00,2023-11-17 08:00:00+00:00,245.3,245.4,0.00040766408479410643
C15,2023-11-17 07:00:00+00:00,2023-11-17 08:00:00+00:00,0.8525,0.8572,0.00551319648093833
C2,2023-11-17 07:00:00+00:00,2023-11-17 08:00:00+00:00,36239.76,36402.63,0.004494235061159217
C3,2023-11-17 07:00:00+00:00,2023-11-17 08:00:00+00:00,1970.0,1978.14,0.004131979695431523
C4,2023-11-17 02:00:00+00:00,2023-11-17 08:00:00+00:00,58.7,58.83,0.0022146507666098033
C11,2023-11-17 10:00:00+00:00,2023-11-17 11:00:00+00:00,0.3676,0.3728,0.014145810663765065
C16,2023-11-17 09:00:00+00:00,2023-11-17 11:00:00+00:00,5.228,5.108,-0.02295332823259375
C5,2023-11-17 07:00:00+00:00,2023-11-17 14:00:00+00:00,22.7,21.01,-0.07444933920704835
C14,2023-11-17 07:00:00+00:00,2023-11-17 15:00:00+00:00,9.699,9.099,-0.061862047633776646
C13,2023-11-17 14:00:00+00:00,2023-11-17 17:00:00+00:00,5.19,5.252,0.011946050096338996
C15,2023-11-17 14:00:00+00:00,2023-11-17 17:00:00+00:00,0.8202,0.8271,0.008412582297000617
C18,2023-11-17 14:00:00+00:00,2023-11-17 17:00:00+00:00,0.24422,0.2478,0.014658914093849807
C4,2023-11-17 14:00:00+00:00,2023-11-17 17:00:00+00:00,56.23,57.39,0.020629557175884827
C5,2023-11-17 15:00:00+00:00,2023-11-17 17:00:00+00:00,20.16,21.35,0.05902777777777784
C2,2023-11-17 14:00:00+00:00,2023-11-17 18:00:00+00:00,36015.53,36472.19,0.012679530191559128
C16,2023-11-17 17:00:00+00:00,2023-11-17 20:00:00+00:00,5.011,5.037,0.005188585112751906
C2,2023-11-18 00:00:00+00:00,2023-11-18 01:00:00+00:00,36400.01,36405.46,0.00014972523359188883
C11,2023-11-18 00:00:00+00:00,2023-11-18 02:00:00+00:00,0.3629,0.3626,-0.0008266740148801942
C15,2023-11-17 23:00:00+00:00,2023-11-18 02:00:00+00:00,0.8305,0.8199,-0.012763395544852563
C1,2023-11-18 03:00:00+00:00,2023-11-18 04:00:00+00:00,0.4157,0.4137,-0.004811161895597791
C13,2023-11-17 23:00:00+00:00,2023-11-18 05:00:00+00:00,5.244,5.087,-0.02993897787948132
C18,2023-11-18 05:00:00+00:00,2023-11-18 06:00:00+00:00,0.23288,0.23002,-0.012281003091721063
C19,2023-11-18 04:00:00+00:00,2023-11-18 06:00:00+00:00,0.3928,0.3786,-0.03615071283095721
C5,2023-11-18 00:00:00+00:00,2023-11-18 06:00:00+00:00,21.47,20.37,-0.051234280391243496
C4,2023-11-18 00:00:00+00:00,2023-11-18 09:00:00+00:00,57.25,56.69,-0.009781659388646329
C14,2023-11-17 16:00:00+00:00,2023-11-18 14:00:00+00:00,9.141,9.144,0.0003281916639317486
C2,2023-11-18 10:00:00+00:00,2023-11-18 17:00:00+00:00,36472.46,36620.0,0.004045244000541803
C5,2023-11-18 20:00:00+00:00,2023-11-18 23:00:00+00:00,22.16,21.99,-0.007671480144404409
C14,2023-11-18 23:00:00+00:00,2023-11-19 03:00:00+00:00,9.231,9.152,-0.008558119380348892
C7,2023-11-19 00:00:00+00:00,2023-11-19 03:00:00+00:00,0.07853,0.07872,0.0024194575321532627
C4,2023-11-18 21:00:00+00:00,2023-11-19 06:00:00+00:00,58.41,60.32,0.03269988015750734
C7,2023-11-19 10:00:00+00:00,2023-11-19 11:00:00+00:00,0.07828,0.07817,-0.0014052120592743867
C4,2023-11-19 15:00:00+00:00,2023-11-19 21:00:00+00:00,59.97,61.35,0.02301150575287648
C4,2023-11-20 03:00:00+00:00,2023-11-20 06:00:00+00:00,59.92,59.88,-0.0006675567423230832
C6,2023-11-20 03:00:00+00:00,2023-11-20 14:00:00+00:00,14.86,15.163,0.020390309555854698
C14,2023-11-20 18:00:00+00:00,2023-11-20 21:00:00+00:00,9.176,9.012,-0.017872711421098485
C2,2023-11-20 17:00:00+00:00,2023-11-20 23:00:00+00:00,37576.66,37448.78,-0.0034031763333943104
C5,2023-11-20 18:00:00+00:00,2023-11-20 23:00:00+00:00,21.3,20.85,-0.021126760563380247
C10,2023-11-20 23:00:00+00:00,2023-11-21 00:00:00+00:00,253.1,260.5,0.02923745555116557
C16,2023-11-20 23:00:00+00:00,2023-11-21 00:00:00+00:00,5.187,5.236,0.009446693657219873
C6,2023-11-20 20:00:00+00:00,2023-11-21 00:00:00+00:00,14.735,14.559,-0.011944350186630483
C13,2023-11-20 23:00:00+00:00,2023-11-21 01:00:00+00:00,5.302,5.305,0.0005658242172765209
C3,2023-11-21 02:00:00+00:00,2023-11-21 03:00:00+00:00,2011.23,2018.55,0.003639563848987901
C1,2023-11-21 07:00:00+00:00,2023-11-21 08:00:00+00:00,0.5011,0.5125,0.022749950109758464
C10,2023-11-21 07:00:00+00:00,2023-11-21 08:00:00+00:00,257.4,260.3,0.0112665112665114
C13,2023-11-21 07:00:00+00:00,2023-11-21 08:00:00+00:00,5.2,5.223,0.004423076923076863
C18,2023-11-21 07:00:00+00:00,2023-11-21 08:00:00+00:00,0.28118,0.28552,0.01543495269933854
C4,2023-11-20 16:00:00+00:00,2023-11-21 08:00:00+00:00,57.63,56.27,-0.02359882005899704
C7,2023-11-21 02:00:00+00:00,2023-11-21 08:00:00+00:00,0.07693,0.07694,0.00012998830105285484
C11,2023-11-21 09:00:00+00:00,2023-11-21 10:00:00+00:00,0.3817,0.3834,0.004453759496987254
C16,2023-11-21 06:00:00+00:00,2023-11-21 13:00:00+00:00,5.193,5.056,-0.02638166762950117
C5,2023-11-21 13:00:00+00:00,2023-11-21 15:00:00+00:00,21.17,21.49,0.015115729806329557
C2,2023-11-21 13:00:00+00:00,2023-11-21 16:00:00+00:00,37011.88,37194.8,0.004942196937848213
C3,2023-11-21 14:00:00+00:00,2023-11-21 16:00:00+00:00,1989.7,2005.1,0.007739860280444219
C7,2023-11-21 14:00:00+00:00,2023-11-21 16:00:00+00:00,0.07585,0.07574,-0.0014502307185233882
C4,2023-11-21 14:00:00+00:00,2023-11-21 18:00:00+00:00,55.14,53.4,-0.03155603917301418
C18,2023-11-21 17:00:00+00:00,2023-11-21 19:00:00+00:00,0.27437,0.27365,-0.0026241936071727903
C10,2023-11-21 17:00:00+00:00,2023-11-21 22:00:00+00:00,243.1,225.0,-0.07445495680789796
C5,2023-11-21 21:00:00+00:00,2023-11-21 22:00:00+00:00,20.52,19.19,-0.06481481481481473
C6,2023-11-21 06:00:00+00:00,2023-11-21 22:00:00+00:00,14.252,13.415,-0.05872859949480785
C1,2023-11-21 22:00:00+00:00,2023-11-22 00:00:00+00:00,0.4804,0.4888,0.0174854288093256
C10,2023-11-21 23:00:00+00:00,2023-11-22 00:00:00+00:00,225.5,230.1,0.020399113082039885
C11,2023-11-21 23:00:00+00:00,2023-11-22 00:00:00+00:00,0.3566,0.362,0.015143017386427416
C2,2023-11-21 22:00:00+00:00,2023-11-22 00:00:00+00:00,36377.58,36108.17,-0.007405935194149899
C3,2023-11-21 22:00:00+00:00,2023-11-22 00:00:00+00:00,1942.42,1955.49,0.00672871984431788
C5,2023-11-22 14:00:00+00:00,2023-11-22 15:00:00+00:00,20.02,19.99,-0.0014985014985015553
C2,2023-11-22 14:00:00+00:00,2023-11-22 16:00:00+00:00,36397.39,36469.87,0.0019913515776818942
C11,2023-11-23 01:00:00+00:00,2023-11-23 02:00:00+00:00,0.3819,0.3814,-0.0013092432573972256
C1,2023-11-23 05:00:00+00:00,2023-11-23 06:00:00+00:00,0.5002,0.4994,-0.0015993602558975759
C16,2023-11-23 10:00:00+00:00,2023-11-23 11:00:00+00:00,6.158,6.188,0.004871711594673491
C1,2023-11-23 12:00:00+00:00,2023-11-23 14:00:00+00:00,0.4876,0.4898,0.00451189499589835
C19,2023-11-23 06:00:00+00:00,2023-11-23 14:00:00+00:00,0.444,0.4329,-0.024999999999999998
C2,2023-11-23 15:00:00+00:00,2023-11-23 16:00:00+00:00,36951.34,37084.0,0.00359012690744107
C18,2023-11-23 14:00:00+00:00,2023-11-23 17:00:00+00:00,0.27441,0.27743,0.011005429831274454
C4,2023-11-23 14:00:00+00:00,2023-11-23 17:00:00+00:00,57.44,56.73,-0.012360724233983302
C5,2023-11-23 19:00:00+00:00,2023-11-23 20:00:00+00:00,20.5,20.6,0.004878048780487874
C16,2023-11-24 03:00:00+00:00,2023-11-24 06:00:00+00:00,6.255,6.289,0.0054356514788169155
C16,2023-11-24 12:00:00+00:00,2023-11-24 16:00:00+00:00,6.237,6.216,-0.003367003367003352
C6,2023-11-23 12:00:00+00:00,2023-11-24 16:00:00+00:00,14.288,14.514,0.01581746920492715
C2,2023-11-24 16:00:00+00:00,2023-11-24 18:00:00+00:00,37725.99,37722.53,-9.171396164816688e-05
C4,2023-11-25 03:00:00+00:00,2023-11-25 05:00:00+00:00,58.83,58.89,0.0010198878123406812
C2,2023-11-25 08:00:00+00:00,2023-11-25 15:00:00+00:00,37761.1,37704.38,-0.0015020748865896695
C4,2023-11-25 14:00:00+00:00,2023-11-25 15:00:00+00:00,58.38,58.55,0.0029119561493661287
C14,2023-11-25 22:00:00+00:00,2023-11-25 23:00:00+00:00,9.573,9.491,-0.00856575786064982
C4,2023-11-25 22:00:00+00:00,2023-11-26 01:00:00+00:00,58.65,58.08,-0.009718670076726348
C14,2023-11-26 11:00:00+00:00,2023-11-26 12:00:00+00:00,9.638,9.665,0.0028014110811370872
C18,2023-11-26 14:00:00+00:00,2023-11-26 17:00:00+00:00,0.30939,0.3086,-0.0025534115517631887
C8,2023-11-26 14:00:00+00:00,2023-11-26 20:00:00+00:00,0.6237,0.6188,-0.007856341189674548
C18,2023-11-27 01:00:00+00:00,2023-11-27 03:00:00+00:00,0.30472,0.30155,-0.010402992911525355
C8,2023-11-27 02:00:00+00:00,2023-11-27 05:00:00+00:00,0.6097,0.6082,-0.0024602263408234487
C16,2023-11-27 02:00:00+00:00,2023-11-27 07:00:00+00:00,6.086,6.031,-0.009037134406835458
C1,2023-11-27 10:00:00+00:00,2023-11-27 11:00:00+00:00,0.5249,0.5294,0.00857306153553048
C14,2023-11-27 04:00:00+00:00,2023-11-27 14:00:00+00:00,9.645,9.115,-0.05495075168481072
C14,2023-11-27 15:00:00+00:00,2023-11-27 16:00:00+00:00,9.103,9.194,0.009996704383170503
C16,2023-11-27 17:00:00+00:00,2023-11-27 18:00:00+00:00,6.116,6.086,-0.004905166775670268
C6,2023-11-26 15:00:00+00:00,2023-11-27 19:00:00+00:00,14.808,13.962,-0.05713128038897894
C18,2023-11-27 19:00:00+00:00,2023-11-27 21:00:00+00:00,0.29923,0.30222,0.009992313604919268
C6,2023-11-27 20:00:00+00:00,2023-11-28 00:00:00+00:00,13.94,14.309,0.026470588235294103
C16,2023-11-28 01:00:00+00:00,2023-11-28 02:00:00+00:00,6.326,6.494,0.026557066076509667
C1,2023-11-28 05:00:00+00:00,2023-11-28 06:00:00+00:00,0.4908,0.5018,0.02241238793806033
C14,2023-11-28 00:00:00+00:00,2023-11-28 08:00:00+00:00,9.33,8.859,-0.0504823151125402
C14,2023-11-28 09:00:00+00:00,2023-11-28 11:00:00+00:00,8.98,9.052,0.008017817371937547
C16,2023-11-28 10:00:00+00:00,2023-11-28 13:00:00+00:00,6.146,6.253,0.01740969736413931
C2,2023-11-28 18:00:00+00:00,2023-11-28 22:00:00+00:00,37971.64,37861.1,-0.002911119983229612
C17,2023-11-29 08:00:00+00:00,2023-11-29 11:00:00+00:00,98.43,97.29,-0.011581834806461449
C2,2023-11-29 09:00:00+00:00,2023-11-29 11:00:00+00:00,38281.0,38104.65,-0.004606723962278899
C1,2023-11-29 14:00:00+00:00,2023-11-29 16:00:00+00:00,0.5307,0.5282,-0.004710759374411055
C4,2023-11-29 15:00:00+00:00,2023-11-30 05:00:00+00:00,60.06,60.21,0.0024975024975024736
C4,2023-11-30 15:00:00+00:00,2023-11-30 17:00:00+00:00,59.59,59.36,-0.0038597080046988415
C6,2023-11-30 12:00:00+00:00,2023-11-30 20:00:00+00:00,14.615,14.31,-0.020868970236058822
C4,2023-12-01 00:00:00+00:00,2023-12-01 09:00:00+00:00,58.89,61.68,0.04737646459500763
C6,2023-12-01 02:00:00+00:00,2023-12-01 09:00:00+00:00,14.559,14.819,0.01785836939350241
C4,2023-12-01 16:00:00+00:00,2023-12-01 17:00:00+00:00,60.28,60.77,0.008128732581287358
C4,2023-12-01 23:00:00+00:00,2023-12-02 00:00:00+00:00,59.75,60.13,0.006359832635983306
C6,2023-12-03 02:00:00+00:00,2023-12-03 03:00:00+00:00,15.909,15.949,0.002514300081714699
C2,2023-12-03 15:00:00+00:00,2023-12-03 17:00:00+00:00,39760.42,39526.7,-0.005878207523964817
C4,2023-12-03 04:00:00+00:00,2023-12-03 19:00:00+00:00,63.89,62.94,-0.014869306620754466
C4,2023-12-04 01:00:00+00:00,2023-12-04 02:00:00+00:00,64.12,63.96,-0.0024953212726139063
C11,2023-12-04 03:00:00+00:00,2023-12-04 05:00:00+00:00,0.403,0.4076,0.011414392059553332
C7,2023-12-04 06:00:00+00:00,2023-12-04 07:00:00+00:00,0.08958,0.09052,0.010493413708417016
C6,2023-12-03 11:00:00+00:00,2023-12-04 08:00:00+00:00,15.997,16.163,0.010376945677314519
C11,2023-12-04 11:00:00+00:00,2023-12-04 12:00:00+00:00,0.4037,0.4056,0.004706465196928444
C7,2023-12-04 13:00:00+00:00,2023-12-04 14:00:00+00:00,0.08707,0.08746,0.004479154703112455
C16,2023-12-04 13:00:00+00:00,2023-12-04 15:00:00+00:00,6.076,6.026,-0.008229098090849214
C1,2023-12-04 11:00:00+00:00,2023-12-04 16:00:00+00:00,0.5324,0.5284,-0.0075131480090157845
C14,2023-12-04 15:00:00+00:00,2023-12-04 16:00:00+00:00,9.364,9.522,0.016873131140538174
C18,2023-12-04 15:00:00+00:00,2023-12-04 16:00:00+00:00,0.30145,0.3067,0.017415823519654924
C2,2023-12-04 15:00:00+00:00,2023-12-04 16:00:00+00:00,41270.33,41633.98,0.008811414883283013
C5,2023-12-04 15:00:00+00:00,2023-12-04 16:00:00+00:00,21.4,21.82,0.019626168224299148
C6,2023-12-04 15:00:00+00:00,2023-12-04 16:00:00+00:00,15.458,15.658,0.012938284383490702
C8,2023-12-04 11:00:00+00:00,2023-12-04 16:00:00+00:00,0.6199,0.6216,0.002742377802871487
C17,2023-12-04 14:00:00+00:00,2023-12-04 19:00:00+00:00,99.1,99.02,-0.0008072653884964511
C4,2023-12-04 12:00:00+00:00,2023-12-04 23:00:00+00:00,61.81,61.64,-0.0027503640187672173
C9,2023-12-04 13:00:00+00:00,2023-12-04 23:00:00+00:00,72.79,72.93,0.0019233411182854865
C16,2023-12-05 02:00:00+00:00,2023-12-05 03:00:00+00:00,6.097,6.119,0.0036083319665408155
C8,2023-12-05 01:00:00+00:00,2023-12-05 03:00:00+00:00,0.6219,0.6184,-0.0056279144557003676
C17,2023-12-05 03:00:00+00:00,2023-12-05 06:00:00+00:00,98.59,98.74,0.0015214524799674557
C2,2023-12-05 07:00:00+00:00,2023-12-05 08:00:00+00:00,41528.0,41614.13,0.002074022346368652
C7,2023-12-05 06:00:00+00:00,2023-12-05 08:00:00+00:00,0.08942,0.08826,-0.012972489375978466
C1,2023-12-05 08:00:00+00:00,2023-12-05 09:00:00+00:00,0.5203,0.5238,0.006726888333653774
C14,2023-12-05 08:00:00+00:00,2023-12-05 09:00:00+00:00,9.578,9.623,0.004698266861557729
C20,2023-12-05 06:00:00+00:00,2023-12-05 09:00:00+00:00,3.59,3.54,-0.01392757660167126
C5,2023-12-05 10:00:00+00:00,2023-12-05 11:00:00+00:00,22.01,22.0,-0.0004543389368469588
C8,2023-12-05 10:00:00+00:00,2023-12-05 11:00:00+00:00,0.6106,0.6108,0.0003275466754012086
C9,2023-12-05 07:00:00+00:00,2023-12-05 11:00:00+00:00,71.84,71.92,0.0011135857461024262
C18,2023-12-05 10:00:00+00:00,2023-12-05 12:00:00+00:00,0.30378,0.30451,0.0024030548423201277
C10,2023-12-05 04:00:00+00:00,2023-12-05 13:00:00+00:00,232.5,230.0,-0.010752688172043012
C2,2023-12-05 14:00:00+00:00,2023-12-05 16:00:00+00:00,42194.0,42715.17,0.012351756173863542
C6,2023-12-05 01:00:00+00:00,2023-12-05 16:00:00+00:00,15.841,15.51,-0.020895145508490597
C17,2023-12-05 18:00:00+00:00,2023-12-05 19:00:00+00:00,98.28,98.07,-0.0021367521367522176
C11,2023-12-05 18:00:00+00:00,2023-12-05 22:00:00+00:00,0.4195,0.4222,0.006436233611442278
C16,2023-12-05 18:00:00+00:00,2023-12-05 23:00:00+00:00,6.257,6.256,-0.00015982100047937442
C4,2023-12-05 06:00:00+00:00,2023-12-06 00:00:00+00:00,59.97,63.15,0.05302651325662831
C2,2023-12-05 23:00:00+00:00,2023-12-06 01:00:00+00:00,44073.32,43871.37,-0.004582137220431705
C9,2023-12-06 05:00:00+00:00,2023-12-06 06:00:00+00:00,72.95,73.4,0.006168608636052129
C6,2023-12-05 22:00:00+00:00,2023-12-06 12:00:00+00:00,15.534,15.701,0.010750611561735535
C13,2023-12-06 13:00:00+00:00,2023-12-06 14:00:00+00:00,6.044,6.145,0.01671078755790867
C11,2023-12-06 14:00:00+00:00,2023-12-06 15:00:00+00:00,0.4397,0.4506,0.024789629292699615
C8,2023-12-06 10:00:00+00:00,2023-12-06 16:00:00+00:00,0.6285,0.6268,-0.0027048528241844453
C9,2023-12-06 14:00:00+00:00,2023-12-06 16:00:00+00:00,72.93,73.61,0.009324009324009222
C2,2023-12-06 15:00:00+00:00,2023-12-06 17:00:00+00:00,43785.2,43961.12,0.004017795967587348
C4,2023-12-06 14:00:00+00:00,2023-12-06 19:00:00+00:00,62.89,64.42,0.024328192081412008
C6,2023-12-06 18:00:00+00:00,2023-12-06 23:00:00+00:00,15.752,15.268,-0.030726256983240222
C9,2023-12-06 22:00:00+00:00,2023-12-06 23:00:00+00:00,72.79,72.41,-0.005220497321060717
C13,2023-12-06 20:00:00+00:00,2023-12-07 00:00:00+00:00,6.048,6.087,0.006448412698412649
C8,2023-12-07 06:00:00+00:00,2023-12-07 07:00:00+00:00,0.643,0.6481,0.007931570762052866
C4,2023-12-07 08:00:00+00:00,2023-12-07 09:00:00+00:00,62.69,63.21,0.008294783857074543
C14,2023-12-07 09:00:00+00:00,2023-12-07 11:00:00+00:00,9.714,9.639,-0.007720815318097701
C6,2023-12-07 05:00:00+00:00,2023-12-07 12:00:00+00:00,15.65,14.98,-0.04281150159744408
C9,2023-12-07 10:00:00+00:00,2023-12-07 12:00:00+00:00,72.69,73.3,0.00839180079790892
C11,2023-12-07 08:00:00+00:00,2023-12-07 14:00:00+00:00,0.4393,0.4374,-0.0043250625995902865
C20,2023-12-07 10:00:00+00:00,2023-12-07 14:00:00+00:00,3.577,3.591,0.003913894324853295
C4,2023-12-07 18:00:00+00:00,2023-12-07 20:00:00+00:00,65.56,65.99,0.006558877364246379
C5,2023-12-07 18:00:00+00:00,2023-12-07 20:00:00+00:00,26.64,26.67,0.0011261261261261688
C6,2023-12-07 19:00:00+00:00,2023-12-07 21:00:00+00:00,15.226,15.641,0.02725600945750684
C13,2023-12-07 18:00:00+00:00,2023-12-07 23:00:00+00:00,6.229,6.242,0.0020870123615347406
C10,2023-12-08 07:00:00+00:00,2023-12-08 08:00:00+00:00,233.0,233.7,0.0030042918454935134
C6,2023-12-08 03:00:00+00:00,2023-12-08 10:00:00+00:00,15.814,16.441,0.039648412798785816
C15,2023-12-08 13:00:00+00:00,2023-12-08 14:00:00+00:00,0.8731,0.8834,0.011797045012026086
C2,2023-12-08 15:00:00+00:00,2023-12-08 17:00:00+00:00,43760.94,43735.82,-0.0005740278887976953
C14,2023-12-08 15:00:00+00:00,2023-12-08 18:00:00+00:00,10.457,10.524,0.006407191355073003
C9,2023-12-08 16:00:00+00:00,2023-12-08 18:00:00+00:00,77.38,77.82,0.0056862238304471145
C9,2023-12-09 01:00:00+00:00,2023-12-09 02:00:00+00:00,77.97,78.12,0.0019238168526357021
C17,2023-12-09 04:00:00+00:00,2023-12-09 06:00:00+00:00,101.17,101.91,0.007314421271127754
C6,2023-12-09 02:00:00+00:00,2023-12-09 06:00:00+00:00,16.746,17.137,0.02334885942911751
C2,2023-12-09 08:00:00+00:00,2023-12-09 09:00:00+00:00,43834.35,43842.0,0.00017452066701117858
C8,2023-12-09 08:00:00+00:00,2023-12-09 10:00:00+00:00,0.6795,0.6837,0.0061810154525386045
C4,2023-12-09 14:00:00+00:00,2023-12-09 15:00:00+00:00,75.64,75.57,-0.0009254362771021601
C11,2023-12-09 17:00:00+00:00,2023-12-09 18:00:00+00:00,0.5692,0.5918,0.03970484891075185
C14,2023-12-09 16:00:00+00:00,2023-12-09 18:00:00+00:00,10.675,10.71,0.003278688524590177
C8,2023-12-09 17:00:00+00:00,2023-12-09 18:00:00+00:00,0.6643,0.6716,0.010989010989010948
C9,2023-12-09 08:00:00+00:00,2023-12-09 22:00:00+00:00,77.61,77.22,-0.0050251256281407105
C10,2023-12-09 08:00:00+00:00,2023-12-10 00:00:00+00:00,240.9,239.1,-0.007471980074719848
C15,2023-12-09 16:00:00+00:00,2023-12-10 00:00:00+00:00,0.9001,0.9014,0.0014442839684479145
C6,2023-12-09 12:00:00+00:00,2023-12-10 00:00:00+00:00,16.878,16.434,-0.026306434411660095
C4,2023-12-09 23:00:00+00:00,2023-12-10 01:00:00+00:00,72.3,73.29,0.013692946058091413
C17,2023-12-10 01:00:00+00:00,2023-12-10 03:00:00+00:00,98.91,98.54,-0.0037407744414112865
C16,2023-12-10 03:00:00+00:00,2023-12-10 04:00:00+00:00,6.697,6.723,0.0038823353740480514
C11,2023-12-10 07:00:00+00:00,2023-12-10 10:00:00+00:00,0.5906,0.5859,-0.00795800880460555
C17,2023-12-10 09:00:00+00:00,2023-12-10 10:00:00+00:00,95.68,97.23,0.0161998327759197
C16,2023-12-10 11:00:00+00:00,2023-12-10 12:00:00+00:00,6.556,6.645,0.013575350823672899
C4,2023-12-10 07:00:00+00:00,2023-12-10 12:00:00+00:00,72.47,72.66,0.0026217745273906133
C8,2023-12-10 09:00:00+00:00,2023-12-10 12:00:00+00:00,0.6471,0.6604,0.020553237521248616
C13,2023-12-10 06:00:00+00:00,2023-12-10 13:00:00+00:00,7.244,7.196,-0.006626173384870243
C18,2023-12-10 10:00:00+00:00,2023-12-10 14:00:00+00:00,0.31704,0.32193,0.015423921271763834
C11,2023-12-10 16:00:00+00:00,2023-12-10 17:00:00+00:00,0.5879,0.592,0.006973975165844519
C4,2023-12-10 18:00:00+00:00,2023-12-10 20:00:00+00:00,73.24,74.29,0.014336428181321838
C8,2023-12-10 21:00:00+00:00,2023-12-10 23:00:00+00:00,0.6622,0.6617,-0.0007550588945938628
C13,2023-12-11 00:00:00+00:00,2023-12-11 01:00:00+00:00,7.186,7.206,0.002783189535207412
C11,2023-12-11 00:00:00+00:00,2023-12-11 02:00:00+00:00,0.5893,0.5518,-0.06363482097403714
C3,2023-12-11 02:00:00+00:00,2023-12-11 03:00:00+00:00,2229.8,2251.43,0.009700421562471815
C16,2023-12-11 02:00:00+00:00,2023-12-11 05:00:00+00:00,6.196,6.289,0.015009683666881855
C11,2023-12-11 03:00:00+00:00,2023-12-11 08:00:00+00:00,0.5588,0.5598,0.0017895490336435236
C13,2023-12-11 07:00:00+00:00,2023-12-11 08:00:00+00:00,6.661,6.694,0.004954211079417559
C18,2023-12-11 02:00:00+00:00,2023-12-11 08:00:00+00:00,0.29976,0.30048,0.0024019215372297785
C13,2023-12-11 14:00:00+00:00,2023-12-11 15:00:00+00:00,6.623,6.683,0.009059338668277156
C16,2023-12-11 14:00:00+00:00,2023-12-11 15:00:00+00:00,6.084,6.115,0.0050953320184090375
C4,2023-12-11 04:00:00+00:00,2023-12-11 15:00:00+00:00,70.03,69.26,-0.010995287733828303
C11,2023-12-11 14:00:00+00:00,2023-12-11 16:00:00+00:00,0.5381,0.5483,0.018955584463854275
C8,2023-12-11 06:00:00+00:00,2023-12-11 16:00:00+00:00,0.622,0.6218,-0.0003215434083600932
C3,2023-12-11 17:00:00+00:00,2023-12-11 19:00:00+00:00,2204.73,2187.61,-0.0077651231670090625
C13,2023-12-11 21:00:00+00:00,2023-12-12 02:00:00+00:00,6.726,6.887,0.023936961046684448
C4,2023-12-12 08:00:00+00:00,2023-12-12 13:00:00+00:00,71.61,71.11,-0.006982265046781176
C11,2023-12-12 16:00:00+00:00,2023-12-12 18:00:00+00:00,0.5744,0.5805,0.010619777158774362
C13,2023-12-12 16:00:00+00:00,2023-12-12 18:00:00+00:00,7.024,7.143,0.016941913439635505
C4,2023-12-12 19:00:00+00:00,2023-12-12 22:00:00+00:00,67.62,67.74,0.001774622892635172
C11,2023-12-13 01:00:00+00:00,2023-12-13 02:00:00+00:00,0.5606,0.5616,0.001783803068141279
C13,2023-12-13 01:00:00+00:00,2023-12-13 04:00:00+00:00,6.824,6.849,0.0036635404454865702
C4,2023-12-13 05:00:00+00:00,2023-12-13 08:00:00+00:00,66.0,66.34,0.005151515151515203
C4,2023-12-14 00:00:00+00:00,2023-12-14 01:00:00+00:00,70.04,70.05,0.00014277555682454176
C18,2023-12-14 03:00:00+00:00,2023-12-14 04:00:00+00:00,0.32782,0.33379,0.018211213470807074
C11,2023-12-14 13:00:00+00:00,2023-12-14 14:00:00+00:00,0.6349,0.634,-0.0014175460702473017
C18,2023-12-14 13:00:00+00:00,2023-12-14 14:00:00+00:00,0.33017,0.33128,0.003361904473453069
C13,2023-12-14 13:00:00+00:00,2023-12-14 16:00:00+00:00,7.287,7.28,-0.0009606147934677746
C11,2023-12-14 21:00:00+00:00,2023-12-14 22:00:00+00:00,0.6357,0.6442,0.013371086990718817
C4,2023-12-14 19:00:00+00:00,2023-12-14 22:00:00+00:00,73.28,75.72,0.033296943231441015
C11,2023-12-15 06:00:00+00:00,2023-12-15 07:00:00+00:00,0.6309,0.6295,-0.002219052147725579
C13,2023-12-15 04:00:00+00:00,2023-12-15 08:00:00+00:00,7.374,7.269,-0.01423921887713582
C11,2023-12-15 13:00:00+00:00,2023-12-15 15:00:00+00:00,0.6264,0.6227,-0.005906768837803202
C13,2023-12-15 15:00:00+00:00,2023-12-15 16:00:00+00:00,7.097,7.105,0.001127236860645344
C4,2023-12-15 13:00:00+00:00,2023-12-15 18:00:00+00:00,76.17,76.5,0.004332414336352872
C1,2023-12-15 22:00:00+00:00,2023-12-16 00:00:00+00:00,0.6872,0.6525,-0.05049476135040754
C11,2023-12-15 22:00:00+00:00,2023-12-16 01:00:00+00:00,0.6076,0.6031,-0.007406188281764416
C13,2023-12-15 22:00:00+00:00,2023-12-16 01:00:00+00:00,7.003,7.003,0.0
C18,2023-12-15 21:00:00+00:00,2023-12-16 02:00:00+00:00,0.33636,0.33145,-0.014597455107622696
C17,2023-12-16 06:00:00+00:00,2023-12-16 10:00:00+00:00,106.04,105.64,-0.0037721614485100494
C13,2023-12-16 18:00:00+00:00,2023-12-16 20:00:00+00:00,7.16,7.064,-0.013407821229050291
C1,2023-12-16 16:00:00+00:00,2023-12-16 21:00:00+00:00,0.6658,0.6463,-0.029288074496845843
C17,2023-12-16 16:00:00+00:00,2023-12-17 01:00:00+00:00,108.03,104.37,-0.03387947792279919
C1,2023-12-17 05:00:00+00:00,2023-12-17 06:00:00+00:00,0.6279,0.627,-0.0014333492594362349
C4,2023-12-16 16:00:00+00:00,2023-12-17 07:00:00+00:00,76.38,72.38,-0.052369730295888976
C11,2023-12-17 07:00:00+00:00,2023-12-17 08:00:00+00:00,0.5938,0.5989,0.008588750421017166
C13,2023-12-17 07:00:00+00:00,2023-12-17 08:00:00+00:00,6.971,7.021,0.007172572084349422
C18,2023-12-17 07:00:00+00:00,2023-12-17 08:00:00+00:00,0.31531,0.3188,0.011068472297104415
C17,2023-12-17 09:00:00+00:00,2023-12-17 11:00:00+00:00,104.28,104.47,0.001822017644802433
C11,2023-12-17 14:00:00+00:00,2023-12-17 15:00:00+00:00,0.5873,0.593,0.009705431636301595
C13,2023-12-17 14:00:00+00:00,2023-12-17 15:00:00+00:00,6.867,6.922,0.008009319935925399
C4,2023-12-17 08:00:00+00:00,2023-12-17 15:00:00+00:00,72.89,72.68,-0.0028810536424748764
C11,2023-12-17 22:00:00+00:00,2023-12-18 00:00:00+00:00,0.5822,0.5824,0.00034352456200614556
C17,2023-12-17 17:00:00+00:00,2023-12-18 01:00:00+00:00,103.97,98.58,-0.05184187746465327
C13,2023-12-18 01:00:00+00:00,2023-12-18 02:00:00+00:00,6.707,6.654,-0.007902191739973153
C18,2023-12-18 01:00:00+00:00,2023-12-18 03:00:00+00:00,0.31125,0.30887,-0.007646586345381682
C17,2023-12-18 02:00:00+00:00,2023-12-18 06:00:00+00:00,97.43,98.08,0.006671456430257533
C4,2023-12-17 22:00:00+00:00,2023-12-18 08:00:00+00:00,72.2,69.71,-0.03448753462603891
C1,2023-12-18 07:00:00+00:00,2023-12-18 10:00:00+00:00,0.6185,0.6166,-0.0030719482619240303
C11,2023-12-18 09:00:00+00:00,2023-12-18 11:00:00+00:00,0.5579,0.5599,0.0035848718408316937
C17,2023-12-18 12:00:00+00:00,2023-12-18 13:00:00+00:00,95.47,97.27,0.018854090290143472
C11,2023-12-19 14:00:00+00:00,2023-12-19 15:00:00+00:00,0.5794,0.5817,0.003969623748705503
C17,2023-12-19 17:00:00+00:00,2023-12-19 18:00:00+00:00,98.77,101.88,0.03148729371266579
C4,2023-12-19 12:00:00+00:00,2023-12-19 21:00:00+00:00,74.52,73.69,-0.011137949543746624
C4,2023-12-20 03:00:00+00:00,2023-12-20 06:00:00+00:00,74.92,75.68,0.010144153764015017
C17,2023-12-20 08:00:00+00:00,2023-12-20 09:00:00+00:00,102.26,103.58,0.012908273029532496
C17,2023-12-20 17:00:00+00:00,2023-12-20 18:00:00+00:00,103.89,102.83,-0.010203099432091658
C11,2023-12-20 20:00:00+00:00,2023-12-20 21:00:00+00:00,0.5838,0.5844,0.0010277492291881551
C17,2023-12-21 00:00:00+00:00,2023-12-21 04:00:00+00:00,100.19,99.9,-0.002894500449146542
C1,2023-12-21 14:00:00+00:00,2023-12-21 16:00:00+00:00,0.7055,0.7092,0.005244507441530881
C11,2023-12-22 07:00:00+00:00,2023-12-22 08:00:00+00:00,0.6145,0.6132,-0.0021155410903174595
C16,2023-12-23 01:00:00+00:00,2023-12-23 02:00:00+00:00,6.213,6.118,-0.0152905198776758
C1,2023-12-23 01:00:00+00:00,2023-12-23 03:00:00+00:00,0.7022,0.7168,0.02079179720877235
C11,2023-12-23 01:00:00+00:00,2023-12-23 04:00:00+00:00,0.6023,0.6018,-0.0008301510874978333
C4,2023-12-23 00:00:00+00:00,2023-12-23 07:00:00+00:00,95.5,95.36,-0.0014659685863874406
C4,2023-12-23 17:00:00+00:00,2023-12-23 18:00:00+00:00,98.22,102.84,0.04703726328649974
C17,2023-12-24 22:00:00+00:00,2023-12-24 23:00:00+00:00,99.19,99.61,0.004234297812279481
C11,2023-12-24 22:00:00+00:00,2023-12-25 00:00:00+00:00,0.5938,0.5958,0.0033681374200067392
C16,2023-12-24 22:00:00+00:00,2023-12-25 01:00:00+00:00,6.896,6.855,-0.005945475638050969
C4,2023-12-24 22:00:00+00:00,2023-12-25 05:00:00+00:00,111.96,113.2,0.011075384065737845
C17,2023-12-25 06:00:00+00:00,2023-12-25 08:00:00+00:00,103.5,102.24,-0.012173913043478311
C8,2023-12-25 09:00:00+00:00,2023-12-25 11:00:00+00:00,0.6418,0.6421,0.00046743533811150975
C16,2023-12-25 07:00:00+00:00,2023-12-25 12:00:00+00:00,6.778,6.812,0.005016228976099248
C4,2023-12-25 11:00:00+00:00,2023-12-25 13:00:00+00:00,111.75,114.67,0.02612975391498883
C8,2023-12-26 00:00:00+00:00,2023-12-26 03:00:00+00:00,0.6369,0.6384,0.002355157795572218
C1,2023-12-26 05:00:00+00:00,2023-12-26 07:00:00+00:00,0.7247,0.7243,-0.0005519525320821802
C11,2023-12-26 06:00:00+00:00,2023-12-26 07:00:00+00:00,0.5968,0.6043,0.012567024128686245
C17,2023-12-26 05:00:00+00:00,2023-12-26 08:00:00+00:00,99.55,100.28,0.007332998493219528
C4,2023-12-26 05:00:00+00:00,2023-12-26 10:00:00+00:00,114.87,115.0,0.0011317141116043827
C16,2023-12-26 08:00:00+00:00,2023-12-26 11:00:00+00:00,6.773,7.305,0.07854717259707664
C8,2023-12-26 09:00:00+00:00,2023-12-26 11:00:00+00:00,0.6208,0.6243,0.00563788659793806
C16,2023-12-26 17:00:00+00:00,2023-12-26 18:00:00+00:00,7.198,7.281,0.011530980828007681
C3,2023-12-26 17:00:00+00:00,2023-12-26 18:00:00+00:00,2199.16,2210.12,0.0049837210571309215
C11,2023-12-26 17:00:00+00:00,2023-12-26 20:00:00+00:00,0.5867,0.595,0.014146923470257328
C8,2023-12-26 17:00:00+00:00,2023-12-26 20:00:00+00:00,0.6144,0.6193,0.007975260416666692
C4,2023-12-26 17:00:00+00:00,2023-12-26 22:00:00+00:00,106.54,111.66,0.048057067767974374
C1,2023-12-27 02:00:00+00:00,2023-12-27 03:00:00+00:00,0.7222,0.7286,0.008861811132650336
C13,2023-12-27 02:00:00+00:00,2023-12-27 03:00:00+00:00,8.504,8.465,-0.004586077140169297
C17,2023-12-27 02:00:00+00:00,2023-12-27 04:00:00+00:00,99.82,100.25,0.00430775395712289
C8,2023-12-27 02:00:00+00:00,2023-12-27 04:00:00+00:00,0.6148,0.6194,0.007482108002602371
C18,2023-12-27 04:00:00+00:00,2023-12-27 05:00:00+00:00,0.33404,0.33548,0.004310860974733556
C16,2023-12-27 00:00:00+00:00,2023-12-27 08:00:00+00:00,7.207,7.24,0.004578881642847282
C8,2023-12-27 11:00:00+00:00,2023-12-27 12:00:00+00:00,0.6272,0.6277,0.0007971938775511097
C4,2023-12-27 14:00:00+00:00,2023-12-27 18:00:00+00:00,108.07,110.1,0.018784121402794497
C16,2023-12-27 20:00:00+00:00,2023-12-27 21:00:00+00:00,7.251,7.256,0.0006895600606812706
C1,2023-12-28 06:00:00+00:00,2023-12-28 07:00:00+00:00,0.7219,0.7256,0.005125363623770656
C4,2023-12-28 01:00:00+00:00,2023-12-28 07:00:00+00:00,105.09,105.85,0.007231896469692557
C8,2023-12-28 05:00:00+00:00,2023-12-28 08:00:00+00:00,0.6446,0.6381,-0.010083772882407619
C11,2023-12-28 12:00:00+00:00,2023-12-28 13:00:00+00:00,0.6274,0.6339,0.010360216767612467
C16,2023-12-28 12:00:00+00:00,2023-12-28 13:00:00+00:00,7.498,7.673,0.023339557215257378
C1,2023-12-28 14:00:00+00:00,2023-12-28 15:00:00+00:00,0.6956,0.6904,-0.007475560667050004
C4,2023-12-28 14:00:00+00:00,2023-12-28 21:00:00+00:00,99.25,100.55,0.013098236775818612
C11,2023-12-28 20:00:00+00:00,2023-12-28 22:00:00+00:00,0.6194,0.6247,0.008556667742977208
C18,2023-12-28 16:00:00+00:00,2023-12-28 22:00:00+00:00,0.3318,0.32598,-0.017540687160940302
C3,2023-12-28 23:00:00+00:00,2023-12-29 00:00:00+00:00,2344.15,2343.31,-0.00035833884350410406
C16,2023-12-29 00:00:00+00:00,2023-12-29 02:00:00+00:00,7.686,7.767,0.010538641686182723
C17,2023-12-29 00:00:00+00:00,2023-12-29 03:00:00+00:00,114.28,114.01,-0.0023626181309065104
C11,2023-12-29 16:00:00+00:00,2023-12-29 17:00:00+00:00,0.5971,0.6004,0.00552671244347694
C3,2023-12-29 15:00:00+00:00,2023-12-29 17:00:00+00:00,2327.18,2298.66,-0.012255175792160462
C4,2023-12-29 17:00:00+00:00,2023-12-29 18:00:00+00:00,103.71,105.47,0.016970398225822053
C8,2023-12-29 17:00:00+00:00,2023-12-29 19:00:00+00:00,0.6182,0.6235,0.008573277256551411
C17,2023-12-30 00:00:00+00:00,2023-12-30 01:00:00+00:00,112.28,114.22,0.01727823298895616
C4,2023-12-30 03:00:00+00:00,2023-12-30 05:00:00+00:00,103.55,104.67,0.010816030902945481
C8,2023-12-30 08:00:00+00:00,2023-12-30 10:00:00+00:00,0.6177,0.6203,0.004209163024121638
C4,2023-12-30 11:00:00+00:00,2023-12-30 14:00:00+00:00,102.16,103.89,0.016934220830070516
C17,2023-12-30 14:00:00+00:00,2023-12-30 15:00:00+00:00,111.78,112.54,0.006799069601002014
C16,2023-12-30 22:00:00+00:00,2023-12-30 23:00:00+00:00,7.364,7.358,-0.000814774579033165
C17,2023-12-30 23:00:00+00:00,2023-12-31 00:00:00+00:00,111.02,113.56,0.022878760583678673
C4,2023-12-30 20:00:00+00:00,2023-12-31 03:00:00+00:00,103.3,100.65,-0.025653436592449095
C17,2023-12-31 12:00:00+00:00,2023-12-31 13:00:00+00:00,116.72,116.25,-0.004026730637422883
C16,2023-12-31 22:00:00+00:00,2024-01-01 00:00:00+00:00,7.247,7.313,0.009107216779356954
C17,2023-12-31 21:00:00+00:00,2024-01-01 00:00:00+00:00,112.1,110.42,-0.014986619090098062
C4,2023-12-31 21:00:00+00:00,2024-01-01 01:00:00+00:00,103.88,104.12,0.002310358105506441
C17,2024-01-01 06:00:00+00:00,2024-01-01 08:00:00+00:00,109.05,109.82,0.007060981201283779
C4,2024-01-01 08:00:00+00:00,2024-01-01 09:00:00+00:00,102.48,104.03,0.015124902419984359
C17,2024-01-01 14:00:00+00:00,2024-01-01 18:00:00+00:00,110.47,113.57,0.02806191726260518
C16,2024-01-02 12:00:00+00:00,2024-01-02 14:00:00+00:00,7.458,7.317,-0.018905872888173775
C1,2024-01-02 14:00:00+00:00,2024-01-02 15:00:00+00:00,0.7198,0.7192,-0.000833564879133155
C17,2024-01-02 14:00:00+00:00,2024-01-02 15:00:00+00:00,112.51,112.61,0.0008888098835658547
C11,2024-01-02 20:00:00+00:00,2024-01-02 22:00:00+00:00,0.6065,0.608,0.0024732069249793005
C17,2024-01-02 21:00:00+00:00,2024-01-03 00:00:00+00:00,109.79,110.8,0.009199380635759093
C4,2024-01-02 14:00:00+00:00,2024-01-03 00:00:00+00:00,110.02,107.31,-0.0246318851117978
C17,2024-01-03 06:00:00+00:00,2024-01-03 08:00:00+00:00,112.46,112.07,-0.003467899697670288
C4,2024-01-03 07:00:00+00:00,2024-01-03 08:00:00+00:00,107.81,108.33,0.004823300250440553
C11,2024-01-03 11:00:00+00:00,2024-01-03 12:00:00+00:00,0.5954,0.562,-0.05609674168626131
C8,2024-01-03 11:00:00+00:00,2024-01-03 12:00:00+00:00,0.6185,0.5623,-0.09086499595796285
C1,2024-01-03 11:00:00+00:00,2024-01-03 13:00:00+00:00,0.6919,0.6543,-0.05434311316664253
C13,2024-01-03 12:00:00+00:00,2024-01-03 13:00:00+00:00,7.658,7.588,-0.009140767824497294
C16,2024-01-03 12:00:00+00:00,2024-01-03 14:00:00+00:00,6.71,6.411,-0.04456035767511183
C3,2024-01-03 11:00:00+00:00,2024-01-03 14:00:00+00:00,2307.68,2193.77,-0.04936126326007066
C1,2024-01-03 14:00:00+00:00,2024-01-03 15:00:00+00:00,0.6394,0.66,0.032217704097591594
C4,2024-01-03 14:00:00+00:00,2024-01-03 20:00:00+00:00,96.57,99.62,0.03158330744537653
C2,2024-01-09 00:00:00+00:00,2024-01-09 02:00:00+00:00,46668.88,46779.81,0.0023769586928162898
C2,2024-01-09 08:00:00+00:00,2024-01-09 11:00:00+00:00,46544.65,46615.99,0.0015327218058358266
C2,2024-01-09 21:00:00+00:00,2024-01-10 02:00:00+00:00,45439.44,45971.09,0.01170018820654467
C2,2024-01-10 08:00:00+00:00,2024-01-10 09:00:00+00:00,45329.94,45661.42,0.007312606193610578
C2,2024-01-10 21:00:00+00:00,2024-01-10 22:00:00+00:00,45946.0,46902.69,0.020822051974056552
C2,2024-01-11 05:00:00+00:00,2024-01-11 07:00:00+00:00,46070.0,46101.4,0.0006815715215976005
C2,2024-01-11 15:00:00+00:00,2024-01-11 18:00:00+00:00,46783.78,46609.99,-0.003714749000615189
C4,2024-01-11 17:00:00+00:00,2024-01-11 19:00:00+00:00,100.84,101.36,0.005156683855612813
C18,2024-01-11 19:00:00+00:00,2024-01-11 20:00:00+00:00,0.30184,0.29934,-0.008282533792737882
C9,2024-01-11 15:00:00+00:00,2024-01-11 22:00:00+00:00,72.06,71.7,-0.004995836802664438
C16,2024-01-11 16:00:00+00:00,2024-01-12 02:00:00+00:00,6.679,6.747,0.010181164845036624
C2,2024-01-12 00:00:00+00:00,2024-01-12 02:00:00+00:00,46293.43,46144.01,-0.0032276718316184014
C15,2024-01-11 20:00:00+00:00,2024-01-12 05:00:00+00:00,0.9168,0.9223,0.005999127399651026
C17,2024-01-12 04:00:00+00:00,2024-01-12 05:00:00+00:00,108.04,109.29,0.01156978896704924
C4,2024-01-12 01:00:00+00:00,2024-01-12 05:00:00+00:00,98.75,99.54,0.008000000000000063
C16,2024-01-12 08:00:00+00:00,2024-01-12 09:00:00+00:00,6.685,6.778,0.013911742707554223
C14,2024-01-12 10:00:00+00:00,2024-01-12 11:00:00+00:00,10.527,10.573,0.00436971596846216
C5,2024-01-12 11:00:00+00:00,2024-01-12 16:00:00+00:00,38.61,36.84,-0.04584304584304574
C4,2024-01-12 11:00:00+00:00,2024-01-12 17:00:00+00:00,98.22,95.45,-0.0282019955202606
C14,2024-01-12 18:00:00+00:00,2024-01-12 20:00:00+00:00,10.284,10.274,-0.0009723842862700858
C16,2024-01-12 16:00:00+00:00,2024-01-12 20:00:00+00:00,6.638,6.711,0.010997288339861465
C2,2024-01-12 14:00:00+00:00,2024-01-12 20:00:00+00:00,45442.02,43653.38,-0.03936092629685035
C15,2024-01-12 15:00:00+00:00,2024-01-12 22:00:00+00:00,0.9058,0.8565,-0.05442702583351734
C15,2024-01-12 23:00:00+00:00,2024-01-13 01:00:00+00:00,0.8635,0.8578,-0.0066010422698321225
C17,2024-01-12 17:00:00+00:00,2024-01-13 01:00:00+00:00,106.44,102.7,-0.035137166478767336
C18,2024-01-12 22:00:00+00:00,2024-01-13 01:00:00+00:00,0.28175,0.27947,-0.008092280390417051
C9,2024-01-12 15:00:00+00:00,2024-01-13 03:00:00+00:00,74.43,72.39,-0.027408303103587345
C14,2024-01-13 04:00:00+00:00,2024-01-13 12:00:00+00:00,10.015,10.056,0.004093859211183084
C16,2024-01-13 09:00:00+00:00,2024-01-13 12:00:00+00:00,6.563,6.573,0.0015236934328814072
C17,2024-01-13 12:00:00+00:00,2024-01-13 13:00:00+00:00,104.31,104.86,0.005272744703288248
C9,2024-01-13 09:00:00+00:00,2024-01-13 15:00:00+00:00,71.47,71.99,0.007275780047572352
C16,2024-01-15 15:00:00+00:00,2024-01-15 16:00:00+00:00,6.509,6.557,0.0073744046704562975
C9,2024-01-15 14:00:00+00:00,2024-01-15 17:00:00+00:00,69.63,70.23,0.008616975441620114
C17,2024-01-17 03:00:00+00:00,2024-01-17 05:00:00+00:00,102.04,101.56,-0.004704037632301097
C4,2024-01-17 07:00:00+00:00,2024-01-17 10:00:00+00:00,97.32,101.91,0.04716399506781755
C4,2024-01-17 21:00:00+00:00,2024-01-18 05:00:00+00:00,101.91,100.7,-0.011873221469924382
C4,2024-01-18 15:00:00+00:00,2024-01-18 19:00:00+00:00,98.25,92.36,-0.05994910941475828
C16,2024-01-18 18:00:00+00:00,2024-01-18 22:00:00+00:00,6.378,6.357,-0.0032925682031984802
C4,2024-01-18 20:00:00+00:00,2024-01-19 02:00:00+00:00,93.81,92.55,-0.013431403901503092
C9,2024-01-20 13:00:00+00:00,2024-01-20 15:00:00+00:00,70.95,70.93,-0.00028188865398162113
C9,2024-01-22 09:00:00+00:00,2024-01-22 20:00:00+00:00,69.92,67.83,-0.029891304347826136
C4,2024-01-27 05:00:00+00:00,2024-01-27 06:00:00+00:00,91.58,91.36,-0.0024022712382616167
C2,2024-01-27 08:00:00+00:00,2024-01-27 09:00:00+00:00,41470.01,41669.78,0.004817216103878364
C4,2024-01-28 14:00:00+00:00,2024-01-28 16:00:00+00:00,96.81,97.43,0.006404297076748317
C13,2024-01-29 07:00:00+00:00,2024-01-29 08:00:00+00:00,6.815,6.8,-0.0022010271460015506
C4,2024-01-28 22:00:00+00:00,2024-01-29 10:00:00+00:00,94.84,97.67,0.029839730071699686
C5,2024-01-29 04:00:00+00:00,2024-01-29 15:00:00+00:00,35.14,35.81,0.019066590779738237
C2,2024-01-29 17:00:00+00:00,2024-01-29 22:00:00+00:00,42996.57,43111.1,0.0026637008486955784
C13,2024-01-30 03:00:00+00:00,2024-01-30 05:00:00+00:00,7.005,6.999,-0.0008565310492505678
C2,2024-01-30 15:00:00+00:00,2024-01-30 16:00:00+00:00,43375.5,43499.03,0.0028479210614286597
C4,2024-01-30 16:00:00+00:00,2024-01-30 18:00:00+00:00,104.49,105.14,0.006220690975212994
C17,2024-01-31 02:00:00+00:00,2024-01-31 04:00:00+00:00,89.24,87.88,-0.015239802779022853
C5,2024-01-30 22:00:00+00:00,2024-01-31 04:00:00+00:00,35.53,35.06,-0.013228257810301122
C4,2024-01-31 00:00:00+00:00,2024-01-31 07:00:00+00:00,100.56,101.66,0.010938743038981645
C4,2024-01-31 13:00:00+00:00,2024-01-31 15:00:00+00:00,99.54,101.55,0.020192887281494785
C9,2024-01-31 14:00:00+00:00,2024-01-31 16:00:00+00:00,67.82,68.37,0.008109702152757468
C2,2024-01-31 15:00:00+00:00,2024-01-31 18:00:00+00:00,43361.1,43513.38,0.0035119035264326516
C18,2024-01-31 22:00:00+00:00,2024-01-31 23:00:00+00:00,0.26433,0.26404,-0.0010971134566640655
C13,2024-01-31 21:00:00+00:00,2024-02-01 00:00:00+00:00,6.652,6.675,0.0034576067348165494
C2,2024-02-01 00:00:00+00:00,2024-02-01 02:00:00+00:00,42474.95,42162.56,-0.007354687880739104
C9,2024-01-31 22:00:00+00:00,2024-02-01 02:00:00+00:00,66.68,66.47,-0.003149370125974924
C16,2024-02-01 05:00:00+00:00,2024-02-01 06:00:00+00:00,5.969,5.983,0.0023454514994135276
C4,2024-01-31 23:00:00+00:00,2024-02-01 08:00:00+00:00,96.96,95.22,-0.017945544554455396
C4,2024-02-01 15:00:00+00:00,2024-02-01 16:00:00+00:00,96.0,96.36,0.0037499999999999942
C2,2024-02-01 15:00:00+00:00,2024-02-01 19:00:00+00:00,42516.12,43218.94,0.016530671190127407
C4,2024-02-01 22:00:00+00:00,2024-02-01 23:00:00+00:00,97.12,97.81,0.007104612850082349
C4,2024-02-02 13:00:00+00:00,2024-02-02 15:00:00+00:00,98.86,101.3,0.024681367590532043
C2,2024-02-02 13:00:00+00:00,2024-02-02 20:00:00+00:00,42694.01,42952.65,0.006057992678598225
C4,2024-02-03 00:00:00+00:00,2024-02-03 01:00:00+00:00,100.07,100.06,-9.993004896563312e-05
C4,2024-02-03 07:00:00+00:00,2024-02-03 10:00:00+00:00,99.11,98.99,-0.0012107759055595252
C5,2024-02-03 10:00:00+00:00,2024-02-03 12:00:00+00:00,35.74,35.72,-0.0005595970900952189
C2,2024-02-05 15:00:00+00:00,2024-02-05 22:00:00+00:00,42644.03,42504.74,-0.0032663423227120157
C2,2024-02-06 09:00:00+00:00,2024-02-06 15:00:00+00:00,42991.55,43244.89,0.005892785907928337
C2,2024-02-08 00:00:00+00:00,2024-02-08 03:00:00+00:00,44676.01,44540.99,-0.003022203639044849
C2,2024-02-08 17:00:00+00:00,2024-02-08 19:00:00+00:00,45042.53,45284.14,0.005364041495892894
C6,2024-02-08 16:00:00+00:00,2024-02-08 21:00:00+00:00,18.248,18.204,-0.0024112231477422448
C4,2024-02-08 21:00:00+00:00,2024-02-09 01:00:00+00:00,102.71,103.97,0.012267549410962955
C2,2024-02-09 03:00:00+00:00,2024-02-09 05:00:00+00:00,46060.74,46267.15,0.004481256705819392
C4,2024-02-09 08:00:00+00:00,2024-02-09 10:00:00+00:00,106.21,105.48,-0.0068731757838244026
C10,2024-02-09 15:00:00+00:00,2024-02-09 16:00:00+00:00,322.2,322.9,0.0021725636250775563
C6,2024-02-09 03:00:00+00:00,2024-02-09 16:00:00+00:00,18.253,18.263,0.0005478551470991926
C2,2024-02-09 23:00:00+00:00,2024-02-10 01:00:00+00:00,47132.77,47302.01,0.003590707696577249
C4,2024-02-09 23:00:00+00:00,2024-02-10 01:00:00+00:00,106.94,108.8,0.017392930615298292
C6,2024-02-09 22:00:00+00:00,2024-02-10 03:00:00+00:00,18.462,18.666,0.011049723756906112
C2,2024-02-10 07:00:00+00:00,2024-02-10 11:00:00+00:00,47151.72,47182.0,0.0006421823000305998
C4,2024-02-10 07:00:00+00:00,2024-02-10 21:00:00+00:00,108.87,109.85,0.009001561495361346
C2,2024-02-11 03:00:00+00:00,2024-02-11 05:00:00+00:00,48519.61,48224.7,-0.0060781609745008975
C2,2024-02-11 13:00:00+00:00,2024-02-11 14:00:00+00:00,48058.12,48234.56,0.003671387894490984
C6,2024-02-11 16:00:00+00:00,2024-02-12 01:00:00+00:00,20.166,20.152,-0.0006942378260438038
C2,2024-02-11 20:00:00+00:00,2024-02-12 03:00:00+00:00,48034.55,48145.0,0.002299386587362577
C2,2024-02-12 14:00:00+00:00,2024-02-12 15:00:00+00:00,48798.0,49917.8,0.022947661789417657
C4,2024-02-12 18:00:00+00:00,2024-02-12 20:00:00+00:00,109.64,110.89,0.011400948558920102
C2,2024-02-12 21:00:00+00:00,2024-02-12 22:00:00+00:00,49816.3,50021.1,0.0041111041968190255
C6,2024-02-12 21:00:00+00:00,2024-02-13 09:00:00+00:00,20.567,20.246,-0.015607526620314168
C11,2024-02-13 14:00:00+00:00,2024-02-13 17:00:00+00:00,0.5374,0.5404,0.005582433941198368
C2,2024-02-13 13:00:00+00:00,2024-02-13 19:00:00+00:00,49528.06,49036.73,-0.00992023511520529
C4,2024-02-13 14:00:00+00:00,2024-02-14 06:00:00+00:00,109.9,112.49,0.02356687898089162
C2,2024-02-14 10:00:00+00:00,2024-02-14 11:00:00+00:00,51300.0,51555.12,0.004973099415204729
C4,2024-02-14 18:00:00+00:00,2024-02-14 22:00:00+00:00,115.64,117.12,0.012798339674853026
C2,2024-02-15 01:00:00+00:00,2024-02-15 02:00:00+00:00,51901.45,52048.46,0.002832483485528864
C6,2024-02-15 01:00:00+00:00,2024-02-15 02:00:00+00:00,20.044,20.087,0.0021452803831570177
C4,2024-02-15 04:00:00+00:00,2024-02-15 09:00:00+00:00,116.29,116.3,8.599191675974636e-05
C2,2024-02-15 14:00:00+00:00,2024-02-15 16:00:00+00:00,52621.31,52265.32,-0.006765129944503434
C8,2024-02-15 15:00:00+00:00,2024-02-15 16:00:00+00:00,0.5466,0.5485,0.003476033662641809
C6,2024-02-15 17:00:00+00:00,2024-02-15 18:00:00+00:00,20.033,20.032,-4.9917635900824744e-05
C10,2024-02-15 20:00:00+00:00,2024-02-15 22:00:00+00:00,352.8,351.3,-0.004251700680272108
C4,2024-02-15 21:00:00+00:00,2024-02-16 04:00:00+00:00,111.99,113.29,0.01160817930172347
C2,2024-02-16 07:00:00+00:00,2024-02-16 08:00:00+00:00,51731.99,51829.3,0.0018810411120856736
C16,2024-02-16 09:00:00+00:00,2024-02-16 10:00:00+00:00,7.481,7.565,0.011228445395000737
C11,2024-02-16 14:00:00+00:00,2024-02-16 18:00:00+00:00,0.5909,0.5919,0.0016923337282112047
C2,2024-02-16 14:00:00+00:00,2024-02-16 18:00:00+00:00,51920.31,51967.33,0.000905618629780987
C4,2024-02-16 11:00:00+00:00,2024-02-16 19:00:00+00:00,112.11,108.65,-0.03086254571403081
C16,2024-02-16 16:00:00+00:00,2024-02-16 20:00:00+00:00,7.359,7.422,0.008560945780676685
C8,2024-02-16 14:00:00+00:00,2024-02-16 20:00:00+00:00,0.5588,0.5655,0.011989978525411667
C8,2024-02-17 05:00:00+00:00,2024-02-17 07:00:00+00:00,0.559,0.561,0.0035778175313059065
C20,2024-02-17 08:00:00+00:00,2024-02-17 09:00:00+00:00,5.119,5.106,-0.002539558507520981
C11,2024-02-17 13:00:00+00:00,2024-02-17 14:00:00+00:00,0.5785,0.5735,-0.008643042350907527
C6,2024-02-16 13:00:00+00:00,2024-02-17 14:00:00+00:00,20.005,19.395,-0.03049237690577353
C8,2024-02-17 13:00:00+00:00,2024-02-17 14:00:00+00:00,0.5478,0.5419,-0.010770354143847949
C16,2024-02-18 06:00:00+00:00,2024-02-18 07:00:00+00:00,7.669,7.739,0.009127656800104354
C2,2024-02-18 12:00:00+00:00,2024-02-18 13:00:00+00:00,51554.06,51628.44,0.0014427573696427528
C14,2024-02-20 15:00:00+00:00,2024-02-20 17:00:00+00:00,10.229,10.177,-0.005083585883273008
C16,2024-02-20 15:00:00+00:00,2024-02-20 17:00:00+00:00,7.324,7.38,0.007646095030038238
C6,2024-02-20 14:00:00+00:00,2024-02-20 17:00:00+00:00,19.238,18.816,-0.021935752157188928
C11,2024-02-20 15:00:00+00:00,2024-02-20 18:00:00+00:00,0.6095,0.6042,-0.008695652173913179
C2,2024-02-20 15:00:00+00:00,2024-02-20 19:00:00+00:00,51680.0,52101.11,0.00814841331269351
C4,2024-02-20 14:00:00+00:00,2024-02-20 19:00:00+00:00,107.76,107.33,-0.003990348923533842
C8,2024-02-20 16:00:00+00:00,2024-02-20 19:00:00+00:00,0.5491,0.5606,0.020943361864869704
C14,2024-02-21 02:00:00+00:00,2024-02-21 03:00:00+00:00,10.17,10.185,0.0014749262536873716
C11,2024-02-21 06:00:00+00:00,2024-02-21 08:00:00+00:00,0.5973,0.5976,0.0005022601707684027
C2,2024-02-21 07:00:00+00:00,2024-02-21 08:00:00+00:00,51568.64,51667.84,0.001923649722001532
C8,2024-02-21 05:00:00+00:00,2024-02-21 08:00:00+00:00,0.5526,0.5491,-0.006333695258776598
C14,2024-02-21 14:00:00+00:00,2024-02-21 15:00:00+00:00,9.799,9.914,0.011735891417491604
C16,2024-02-21 14:00:00+00:00,2024-02-21 15:00:00+00:00,7.163,7.219,0.007817953371492398
C2,2024-02-21 14:00:00+00:00,2024-02-21 15:00:00+00:00,50929.99,51156.0,0.004437660404017398
C2,2024-02-22 00:00:00+00:00,2024-02-22 02:00:00+00:00,51532.57,51418.36,-0.002216268274607673
C8,2024-02-22 00:00:00+00:00,2024-02-22 02:00:00+00:00,0.5455,0.5416,-0.0071494042163153335
C2,2024-02-22 13:00:00+00:00,2024-02-22 17:00:00+00:00,51164.02,51697.4,0.01042490406344155
C2,2024-02-22 23:00:00+00:00,2024-02-23 00:00:00+00:00,51288.42,51455.85,0.003264479584280434
C16,2024-02-23 08:00:00+00:00,2024-02-23 09:00:00+00:00,7.067,7.124,0.008065657280316895
C2,2024-02-23 07:00:00+00:00,2024-02-23 10:00:00+00:00,50915.96,51171.09,0.005010806041956145
C10,2024-02-23 12:00:00+00:00,2024-02-23 13:00:00+00:00,373.6,374.9,0.0034796573875801777
C2,2024-02-23 16:00:00+00:00,2024-02-23 19:00:00+00:00,51053.07,51099.09,0.0009014149393953547
C20,2024-02-24 07:00:00+00:00,2024-02-24 10:00:00+00:00,7.016,7.104,0.012542759407069566
C16,2024-02-24 12:00:00+00:00,2024-02-24 13:00:00+00:00,11.936,11.95,0.0011729222520106691
C16,2024-02-25 02:00:00+00:00,2024-02-25 04:00:00+00:00,10.726,10.522,-0.019019205668469197
C16,2024-02-26 05:00:00+00:00,2024-02-26 06:00:00+00:00,10.873,10.866,-0.0006437965602869193
C2,2024-02-26 17:00:00+00:00,2024-02-26 18:00:00+00:00,53502.6,53591.09,0.0016539383132781952
C16,2024-02-26 18:00:00+00:00,2024-02-26 19:00:00+00:00,10.459,10.526,0.006405966153551981
C2,2024-02-27 08:00:00+00:00,2024-02-27 09:00:00+00:00,56235.99,56615.94,0.006756349448102618
C14,2024-02-27 12:00:00+00:00,2024-02-27 13:00:00+00:00,11.007,11.057,0.004542563823021778
C2,2024-02-27 20:00:00+00:00,2024-02-27 21:00:00+00:00,56967.89,56703.32,-0.004644195177318305
C8,2024-02-27 20:00:00+00:00,2024-02-27 21:00:00+00:00,0.5809,0.5836,0.004647960061972862
C4,2024-02-27 15:00:00+00:00,2024-02-27 22:00:00+00:00,106.81,108.46,0.01544799176107098
C16,2024-02-28 10:00:00+00:00,2024-02-28 12:00:00+00:00,10.837,10.677,-0.01476423364399743
C8,2024-02-28 11:00:00+00:00,2024-02-28 12:00:00+00:00,0.5801,0.5841,0.0068953628684709604
C4,2024-02-28 11:00:00+00:00,2024-02-28 13:00:00+00:00,111.39,112.97,0.014184397163120551
C14,2024-02-28 18:00:00+00:00,2024-02-28 20:00:00+00:00,11.123,11.189,0.005933650993437088
C6,2024-02-28 19:00:00+00:00,2024-02-28 20:00:00+00:00,18.877,19.034,0.008316999523229328
C11,2024-02-28 17:00:00+00:00,2024-02-28 21:00:00+00:00,0.627,0.6262,-0.0012759170653907862
C4,2024-02-28 19:00:00+00:00,2024-02-28 21:00:00+00:00,111.34,116.09,0.04266211604095563
C8,2024-02-28 18:00:00+00:00,2024-02-28 21:00:00+00:00,0.567,0.5725,0.00970017636684314
C2,2024-02-28 19:00:00+00:00,2024-02-28 22:00:00+00:00,60951.11,61274.94,0.005312946720740635
C14,2024-02-29 14:00:00+00:00,2024-02-29 18:00:00+00:00,11.818,11.772,-0.003892367574885715
C11,2024-02-29 17:00:00+00:00,2024-02-29 19:00:00+00:00,0.6698,0.6766,0.010152284263959433
C8,2024-02-29 17:00:00+00:00,2024-02-29 19:00:00+00:00,0.5979,0.6096,0.01956848971399907
C2,2024-02-29 16:00:00+00:00,2024-02-29 23:00:00+00:00,62171.97,61130.98,-0.016743719074689092
C6,2024-02-29 17:00:00+00:00,2024-02-29 23:00:00+00:00,19.628,19.274,-0.018035459547585043
C14,2024-03-01 02:00:00+00:00,2024-03-01 03:00:00+00:00,11.282,11.282,0.0
C16,2024-03-01 02:00:00+00:00,2024-03-01 04:00:00+00:00,11.06,11.015,-0.004068716094032543
C11,2024-03-01 05:00:00+00:00,2024-03-01 08:00:00+00:00,0.6682,0.6717,0.005237952708769751
C8,2024-03-01 07:00:00+00:00,2024-03-01 08:00:00+00:00,0.5849,0.5917,0.011625918960506118
C4,2024-03-01 08:00:00+00:00,2024-03-01 09:00:00+00:00,132.17,133.98,0.013694484376182208
C8,2024-03-01 15:00:00+00:00,2024-03-01 16:00:00+00:00,0.5878,0.5881,0.0005103776794827611
C2,2024-03-01 13:00:00+00:00,2024-03-01 17:00:00+00:00,62457.98,61909.98,-0.008773898867686723
C4,2024-03-01 15:00:00+00:00,2024-03-01 18:00:00+00:00,131.18,132.85,0.01273059917670367
C6,2024-03-01 08:00:00+00:00,2024-03-01 22:00:00+00:00,19.956,19.966,0.0005011024253358169
C16,2024-03-02 01:00:00+00:00,2024-03-02 03:00:00+00:00,11.451,12.551,0.0960614793467819
C4,2024-03-02 01:00:00+00:00,2024-03-02 03:00:00+00:00,129.07,130.06,0.00767025644998845
C11,2024-03-02 09:00:00+00:00,2024-03-02 10:00:00+00:00,0.725,0.7325,0.010344827586206983
C16,2024-03-02 09:00:00+00:00,2024-03-02 10:00:00+00:00,11.998,12.075,0.006417736289381561
C2,2024-03-02 08:00:00+00:00,2024-03-02 10:00:00+00:00,61939.64,61904.86,-0.0005615144033772046
C6,2024-03-02 10:00:00+00:00,2024-03-02 12:00:00+00:00,20.704,21.099,0.019078438948995344
C8,2024-03-02 13:00:00+00:00,2024-03-02 16:00:00+00:00,0.6392,0.6295,-0.01517521902377979
C4,2024-03-02 09:00:00+00:00,2024-03-02 17:00:00+00:00,128.5,127.91,-0.00459143968871598
C6,2024-03-02 20:00:00+00:00,2024-03-02 21:00:00+00:00,21.237,21.311,0.0034844846258888554
C14,2024-03-02 21:00:00+00:00,2024-03-02 22:00:00+00:00,11.975,12.008,0.002755741127348599
C11,2024-03-03 00:00:00+00:00,2024-03-03 01:00:00+00:00,0.7298,0.7367,0.009454645108248859
C16,2024-03-03 02:00:00+00:00,2024-03-03 03:00:00+00:00,12.381,12.421,0.003230756804781451
C11,2024-03-03 07:00:00+00:00,2024-03-03 08:00:00+00:00,0.7116,0.7269,0.021500843170320378
C6,2024-03-03 03:00:00+00:00,2024-03-03 09:00:00+00:00,21.268,20.401,-0.04076546924957687
C8,2024-03-03 06:00:00+00:00,2024-03-03 11:00:00+00:00,0.628,0.6239,-0.006528662420382154
C4,2024-03-03 10:00:00+00:00,2024-03-03 12:00:00+00:00,129.06,128.27,-0.006121183945451666
C14,2024-03-03 05:00:00+00:00,2024-03-03 16:00:00+00:00,12.06,12.032,-0.0023217247097844502
C14,2024-03-03 23:00:00+00:00,2024-03-04 00:00:00+00:00,12.152,12.332,0.01481237656352876
C16,2024-03-03 23:00:00+00:00,2024-03-04 00:00:00+00:00,12.638,12.713,0.005934483304320248
C4,2024-03-03 18:00:00+00:00,2024-03-04 00:00:00+00:00,130.52,130.79,0.002068648482990973
C8,2024-03-04 05:00:00+00:00,2024-03-04 06:00:00+00:00,0.6252,0.6437,0.029590531030070494
C6,2024-03-03 16:00:00+00:00,2024-03-04 07:00:00+00:00,20.64,20.368,-0.013178294573643508
C16,2024-03-04 06:00:00+00:00,2024-03-04 08:00:00+00:00,12.417,12.564,0.011838608359507147
C4,2024-03-04 08:00:00+00:00,2024-03-04 09:00:00+00:00,132.0,134.3,0.01742424242424251
C14,2024-03-04 10:00:00+00:00,2024-03-04 11:00:00+00:00,12.466,12.531,0.0052141825766084775
C2,2024-03-04 09:00:00+00:00,2024-03-04 11:00:00+00:00,65290.29,65230.0,-0.000923414492415348
C11,2024-03-04 17:00:00+00:00,2024-03-04 18:00:00+00:00,0.7659,0.7766,0.013970492231361707
C16,2024-03-04 17:00:00+00:00,2024-03-04 18:00:00+00:00,12.108,12.355,0.02039973571192599
C4,2024-03-04 16:00:00+00:00,2024-03-04 18:00:00+00:00,129.6,130.13,0.004089506172839515
C6,2024-03-04 14:00:00+00:00,2024-03-04 18:00:00+00:00,20.6,20.281,-0.015485436893204009
C2,2024-03-04 18:00:00+00:00,2024-03-04 19:00:00+00:00,66617.57,67405.26,0.011824057827386795
C8,2024-03-04 12:00:00+00:00,2024-03-04 20:00:00+00:00,0.6533,0.6514,-0.002908311648553517
C2,2024-03-05 02:00:00+00:00,2024-03-05 03:00:00+00:00,68137.81,68113.94,-0.00035031944818883005
C6,2024-03-05 03:00:00+00:00,2024-03-05 04:00:00+00:00,20.123,20.583,0.022859414600208582
C11,2024-03-05 02:00:00+00:00,2024-03-05 05:00:00+00:00,0.7673,0.7696,0.002997523784699555
C8,2024-03-05 05:00:00+00:00,2024-03-05 06:00:00+00:00,0.643,0.6461,0.004821150855365461
C4,2024-03-05 00:00:00+00:00,2024-03-05 08:00:00+00:00,131.84,130.13,-0.012970266990291322
C14,2024-03-04 18:00:00+00:00,2024-03-05 10:00:00+00:00,12.382,12.784,0.032466483605233486
C2,2024-03-05 09:00:00+00:00,2024-03-05 12:00:00+00:00,66407.89,67325.03,0.013810708336012474
C14,2024-03-05 16:00:00+00:00,2024-03-05 17:00:00+00:00,12.532,12.837,0.0243376954995212
C16,2024-03-05 16:00:00+00:00,2024-03-05 17:00:00+00:00,13.13,13.693,0.04287890327494279
C11,2024-03-05 15:00:00+00:00,2024-03-05 19:00:00+00:00,0.754,0.6348,-0.15809018567639255
C4,2024-03-05 18:00:00+00:00,2024-03-05 19:00:00+00:00,131.1,119.24,-0.09046529366895499
C6,2024-03-05 18:00:00+00:00,2024-03-05 19:00:00+00:00,19.831,17.738,-0.10554182845040593
C8,2024-03-05 16:00:00+00:00,2024-03-05 19:00:00+00:00,0.6272,0.5674,-0.09534438775510198
C13,2024-03-05 19:00:00+00:00,2024-03-05 20:00:00+00:00,8.904,8.869,-0.003930817610062909
C2,2024-03-05 18:00:00+00:00,2024-03-05 21:00:00+00:00,63988.37,63264.24,-0.011316587686168668
C11,2024-03-05 20:00:00+00:00,2024-03-05 23:00:00+00:00,0.6558,0.6923,0.0556572125648063
C14,2024-03-06 00:00:00+00:00,2024-03-06 03:00:00+00:00,11.934,11.78,-0.012904307021954074
C8,2024-03-05 20:00:00+00:00,2024-03-06 04:00:00+00:00,0.5698,0.5951,0.04440154440154438
C14,2024-03-06 09:00:00+00:00,2024-03-06 10:00:00+00:00,12.315,12.462,0.011936662606577365
C4,2024-03-06 12:00:00+00:00,2024-03-06 15:00:00+00:00,128.16,128.22,0.00046816479400750837
C8,2024-03-06 12:00:00+00:00,2024-03-06 15:00:00+00:00,0.6009,0.5989,-0.003328340822100186
C2,2024-03-06 12:00:00+00:00,2024-03-06 16:00:00+00:00,65929.5,67086.0,0.01754146474643369
C8,2024-03-06 22:00:00+00:00,2024-03-06 23:00:00+00:00,0.6104,0.6121,0.0027850589777194032
C2,2024-03-06 22:00:00+00:00,2024-03-07 01:00:00+00:00,65916.53,66410.0,0.00748628606511904
C16,2024-03-06 22:00:00+00:00,2024-03-07 04:00:00+00:00,15.513,15.1,-0.026622832463095485
C11,2024-03-07 05:00:00+00:00,2024-03-07 06:00:00+00:00,0.7223,0.7263,0.005537865152983375
C16,2024-03-07 10:00:00+00:00,2024-03-07 15:00:00+00:00,14.894,15.113,0.014703907613804178
C2,2024-03-07 15:00:00+00:00,2024-03-07 16:00:00+00:00,67260.01,67304.02,0.0006543263969186046
C8,2024-03-07 05:00:00+00:00,2024-03-07 17:00:00+00:00,0.6155,0.6259,0.016896831844029184
C14,2024-03-08 03:00:00+00:00,2024-03-08 04:00:00+00:00,13.649,13.697,0.0035167411531980396
C4,2024-03-08 02:00:00+00:00,2024-03-08 07:00:00+00:00,144.97,144.48,-0.003380009657170512
C4,2024-03-08 13:00:00+00:00,2024-03-08 14:00:00+00:00,149.0,151.68,0.0179865771812081
C11,2024-03-08 15:00:00+00:00,2024-03-08 16:00:00+00:00,0.7181,0.7226,0.006266536694053836
C16,2024-03-08 14:00:00+00:00,2024-03-08 16:00:00+00:00,14.803,14.815,0.0008106464905761452
C8,2024-03-08 15:00:00+00:00,2024-03-08 17:00:00+00:00,0.6141,0.6222,0.013190034196384948
C2,2024-03-08 18:00:00+00:00,2024-03-08 20:00:00+00:00,68578.01,69071.99,0.007203183644436614
C16,2024-03-08 22:00:00+00:00,2024-03-09 00:00:00+00:00,14.576,14.841,0.01818057080131715
C4,2024-03-08 20:00:00+00:00,2024-03-09 03:00:00+00:00,146.49,145.76,-0.004983275308894929
C14,2024-03-09 02:00:00+00:00,2024-03-09 04:00:00+00:00,13.429,13.508,0.005882790974756039
C8,2024-03-09 08:00:00+00:00,2024-03-09 09:00:00+00:00,0.624,0.623,-0.001602564102564104
C16,2024-03-09 08:00:00+00:00,2024-03-09 11:00:00+00:00,14.412,14.269,-0.009922286983069711
C4,2024-03-09 12:00:00+00:00,2024-03-09 16:00:00+00:00,146.01,145.47,-0.0036983768235051852
C16,2024-03-09 18:00:00+00:00,2024-03-09 19:00:00+00:00,14.162,14.14,-0.001553452902132484
C1,2024-03-10 09:00:00+00:00,2024-03-10 10:00:00+00:00,2.8149,2.8306,0.005577462787310321
C18,2024-03-10 12:00:00+00:00,2024-03-10 14:00:00+00:00,1.26496,1.27246,0.005929041234505312
C1,2024-03-10 22:00:00+00:00,2024-03-10 23:00:00+00:00,2.689,2.7662,0.028709557456303433
C20,2024-03-11 00:00:00+00:00,2024-03-11 01:00:00+00:00,11.266,11.465,0.017663767086809855
C2,2024-03-10 22:00:00+00:00,2024-03-11 04:00:00+00:00,68418.59,68540.12,0.0017762716244225268
C4,2024-03-11 00:00:00+00:00,2024-03-11 06:00:00+00:00,140.28,143.48,0.02281151981750776
C2,2024-03-11 10:00:00+00:00,2024-03-11 11:00:00+00:00,71504.01,71487.2,-0.00023509171024111336
C8,2024-03-11 13:00:00+00:00,2024-03-11 14:00:00+00:00,0.6177,0.6211,0.005504290108466826
C18,2024-03-11 19:00:00+00:00,2024-03-11 20:00:00+00:00,1.22366,1.23684,0.010770965791151112
C2,2024-03-11 23:00:00+00:00,2024-03-12 01:00:00+00:00,72078.1,72433.34,0.004928542789002355
C4,2024-03-11 13:00:00+00:00,2024-03-12 01:00:00+00:00,146.78,148.8,0.013762092928191921
C8,2024-03-12 00:00:00+00:00,2024-03-12 01:00:00+00:00,0.7033,0.711,0.010948386179439683
C1,2024-03-12 06:00:00+00:00,2024-03-12 09:00:00+00:00,2.6374,2.6106,-0.010161522711761644
C2,2024-03-12 07:00:00+00:00,2024-03-12 09:00:00+00:00,72121.1,71936.0,-0.002566516595004871
C20,2024-03-12 03:00:00+00:00,2024-03-12 09:00:00+00:00,11.278,11.296,0.0015960276644794206
C16,2024-03-12 07:00:00+00:00,2024-03-12 10:00:00+00:00,14.108,14.02,-0.0062375956903885
C15,2024-03-12 09:00:00+00:00,2024-03-12 11:00:00+00:00,1.1891,1.1904,0.0010932638129676703
C8,2024-03-12 16:00:00+00:00,2024-03-12 17:00:00+00:00,0.6812,0.6874,0.009101585437463275
C16,2024-03-12 16:00:00+00:00,2024-03-12 18:00:00+00:00,13.785,13.868,0.0060210373594486895
C4,2024-03-12 07:00:00+00:00,2024-03-12 19:00:00+00:00,151.86,149.88,-0.013038324772817187
C2,2024-03-12 15:00:00+00:00,2024-03-12 20:00:00+00:00,71703.41,71037.63,-0.009285192991518797
C15,2024-03-12 18:00:00+00:00,2024-03-12 22:00:00+00:00,1.1749,1.1658,-0.0077453400289387245
C14,2024-03-13 04:00:00+00:00,2024-03-13 05:00:00+00:00,13.497,13.582,0.006297695784248414
C15,2024-03-13 05:00:00+00:00,2024-03-13 06:00:00+00:00,1.2001,1.2126,0.01041579868344301
C4,2024-03-13 07:00:00+00:00,2024-03-13 08:00:00+00:00,150.74,152.33,0.010547963380655456
C16,2024-03-13 13:00:00+00:00,2024-03-13 14:00:00+00:00,13.914,13.892,-0.0015811412965358806
C8,2024-03-13 13:00:00+00:00,2024-03-13 16:00:00+00:00,0.6759,0.6843,0.012427873945850088
C2,2024-03-13 13:00:00+00:00,2024-03-13 18:00:00+00:00,72183.65,73133.59,0.01316004386034791
C8,2024-03-14 00:00:00+00:00,2024-03-14 01:00:00+00:00,0.6821,0.6859,0.005571030640668398
C2,2024-03-14 00:00:00+00:00,2024-03-14 02:00:00+00:00,72842.77,73012.73,0.0023332446034107688
C8,2024-03-14 07:00:00+00:00,2024-03-14 08:00:00+00:00,0.6805,0.6823,0.002645113886847941
C2,2024-03-14 10:00:00+00:00,2024-03-14 12:00:00+00:00,72983.59,72829.93,-0.00210540479030976
C16,2024-03-14 18:00:00+00:00,2024-03-14 20:00:00+00:00,13.62,13.829,0.01534508076358307
C2,2024-03-14 18:00:00+00:00,2024-03-14 20:00:00+00:00,70098.5,70744.9,0.00922131001376626
C4,2024-03-14 18:00:00+00:00,2024-03-14 20:00:00+00:00,165.12,168.35,0.019561531007751876
C15,2024-03-14 19:00:00+00:00,2024-03-14 21:00:00+00:00,1.1839,1.2092,0.02137004814595836
C8,2024-03-14 15:00:00+00:00,2024-03-14 21:00:00+00:00,0.6691,0.6681,-0.001494544911074579
C16,2024-03-15 02:00:00+00:00,2024-03-15 04:00:00+00:00,13.306,12.873,-0.032541710506538396
C15,2024-03-15 05:00:00+00:00,2024-03-15 06:00:00+00:00,1.1302,1.1573,0.02397805698106521
C18,2024-03-15 05:00:00+00:00,2024-03-15 06:00:00+00:00,1.12959,1.18525,0.04927451553218408
C2,2024-03-15 02:00:00+00:00,2024-03-15 06:00:00+00:00,69035.38,68670.0,-0.0052926484941490095
C14,2024-03-15 02:00:00+00:00,2024-03-15 08:00:00+00:00,13.027,12.232,-0.06102709756659246
C14,2024-03-15 09:00:00+00:00,2024-03-15 13:00:00+00:00,12.474,12.577,0.008257174923841572
C4,2024-03-15 08:00:00+00:00,2024-03-15 13:00:00+00:00,167.22,182.2,0.08958258581509383
C8,2024-03-15 03:00:00+00:00,2024-03-15 13:00:00+00:00,0.6369,0.6304,-0.01020568378081341
C2,2024-03-15 20:00:00+00:00,2024-03-15 21:00:00+00:00,67871.99,68309.04,0.006439327917156817
C8,2024-03-15 19:00:00+00:00,2024-03-15 21:00:00+00:00,0.631,0.6294,-0.002535657686212434
C20,2024-03-15 21:00:00+00:00,2024-03-15 22:00:00+00:00,10.83,11.017,0.017266851338873443
C4,2024-03-16 00:00:00+00:00,2024-03-16 01:00:00+00:00,181.14,185.37,0.02335210334547874
C2,2024-03-16 10:00:00+00:00,2024-03-16 11:00:00+00:00,68427.54,68256.01,-0.002506739245631201
C4,2024-03-16 13:00:00+00:00,2024-03-16 14:00:00+00:00,188.88,190.53,0.008735705209656955
C1,2024-03-16 13:00:00+00:00,2024-03-16 15:00:00+00:00,2.5118,2.5522,0.01608408312763755
C4,2024-03-16 21:00:00+00:00,2024-03-16 23:00:00+00:00,180.41,182.05,0.009090405188182556
C20,2024-03-16 21:00:00+00:00,2024-03-17 01:00:00+00:00,10.164,10.602,0.0430932703659977
C1,2024-03-18 12:00:00+00:00,2024-03-18 15:00:00+00:00,2.5915,2.5638,-0.010688790275901925
C4,2024-03-18 15:00:00+00:00,2024-03-19 01:00:00+00:00,203.81,187.93,-0.07791570580442567
C1,2024-03-19 01:00:00+00:00,2024-03-19 02:00:00+00:00,2.3975,2.3931,-0.0018352450469238623
C20,2024-03-19 00:00:00+00:00,2024-03-19 02:00:00+00:00,11.606,11.005,-0.051783560227468474
C20,2024-03-19 03:00:00+00:00,2024-03-19 05:00:00+00:00,11.039,10.854,-0.016758764380831643
C4,2024-03-19 02:00:00+00:00,2024-03-19 12:00:00+00:00,183.66,183.09,-0.003103560927801335
C20,2024-03-19 13:00:00+00:00,2024-03-19 14:00:00+00:00,11.301,11.206,-0.00840633572250249
C4,2024-03-19 18:00:00+00:00,2024-03-19 19:00:00+00:00,181.25,181.47,0.0012137931034482696
C20,2024-03-19 20:00:00+00:00,2024-03-20 00:00:00+00:00,10.988,11.328,0.030942846741900242
C4,2024-03-20 01:00:00+00:00,2024-03-20 02:00:00+00:00,171.75,174.1,0.01368267831149924
C4,2024-03-20 08:00:00+00:00,2024-03-20 09:00:00+00:00,171.01,171.33,0.0018712356002574212
C4,2024-03-20 15:00:00+00:00,2024-03-20 17:00:00+00:00,170.53,172.07,0.009030669090482566
C1,2024-03-21 17:00:00+00:00,2024-03-21 19:00:00+00:00,2.557,2.5387,-0.00715682440359796
C4,2024-03-21 18:00:00+00:00,2024-03-22 06:00:00+00:00,178.51,180.42,0.010699680690157396
C4,2024-03-22 13:00:00+00:00,2024-03-22 17:00:00+00:00,169.19,172.1,0.017199598084993183
C8,2024-03-25 17:00:00+00:00,2024-03-25 18:00:00+00:00,0.6493,0.65,0.001078084090559116
C4,2024-03-25 21:00:00+00:00,2024-03-26 03:00:00+00:00,189.55,191.64,0.011026114481666974
C16,2024-03-26 13:00:00+00:00,2024-03-26 14:00:00+00:00,12.639,12.61,-0.002294485323205943
C8,2024-03-26 15:00:00+00:00,2024-03-26 17:00:00+00:00,0.6343,0.6311,-0.005044931420463473
C2,2024-03-26 13:00:00+00:00,2024-03-26 20:00:00+00:00,70389.99,69827.76,-0.007987357293274376
C4,2024-03-27 00:00:00+00:00,2024-03-27 01:00:00+00:00,192.36,190.49,-0.00972135579122481
C2,2024-03-27 07:00:00+00:00,2024-03-27 10:00:00+00:00,69725.99,70112.01,0.005536242654998366
C16,2024-03-27 18:00:00+00:00,2024-03-27 19:00:00+00:00,12.154,12.205,0.004196149415830192
C2,2024-03-27 17:00:00+00:00,2024-03-27 20:00:00+00:00,68680.01,68906.02,0.0032907683036157
C4,2024-03-27 07:00:00+00:00,2024-03-27 22:00:00+00:00,186.79,186.97,0.0009636490176133991
C15,2024-03-27 15:00:00+00:00,2024-03-28 00:00:00+00:00,1.0215,1.013,-0.008321096426823469
C4,2024-03-28 05:00:00+00:00,2024-03-28 06:00:00+00:00,183.66,186.92,0.017750190569530606
C4,2024-03-28 12:00:00+00:00,2024-03-28 14:00:00+00:00,184.27,188.94,0.025343246323329828
C2,2024-03-28 15:00:00+00:00,2024-03-28 17:00:00+00:00,71290.39,70791.17,-0.007002626861769183
C14,2024-03-28 02:00:00+00:00,2024-03-28 18:00:00+00:00,12.41,12.268,-0.011442385173247338
C2,2024-03-29 02:00:00+00:00,2024-03-29 06:00:00+00:00,70619.27,70438.02,-0.0025665799150855
C4,2024-03-28 21:00:00+00:00,2024-03-29 06:00:00+00:00,187.22,186.48,-0.003952569169960523
C16,2024-03-29 08:00:00+00:00,2024-03-29 10:00:00+00:00,12.64,12.729,0.007041139240506221
C1,2024-03-29 15:00:00+00:00,2024-03-29 16:00:00+00:00,3.1046,3.1546,0.016105134316820147
C18,2024-03-29 14:00:00+00:00,2024-03-29 16:00:00+00:00,1.32059,1.33264,0.009124709410187958
C2,2024-03-29 15:00:00+00:00,2024-03-29 17:00:00+00:00,69180.0,69404.29,0.0032421220005781092
C4,2024-03-29 16:00:00+00:00,2024-03-29 17:00:00+00:00,184.79,185.96,0.006331511445424622
C16,2024-03-29 16:00:00+00:00,2024-03-29 22:00:00+00:00,12.571,12.615,0.003500119322249661
C4,2024-03-30 01:00:00+00:00,2024-03-30 03:00:00+00:00,192.32,192.77,0.002339850249584115
C2,2024-03-30 01:00:00+00:00,2024-03-30 04:00:00+00:00,69976.07,70068.52,0.0013211659357262717
C14,2024-03-30 05:00:00+00:00,2024-03-30 06:00:00+00:00,12.812,12.724,-0.006868560724320886
C4,2024-03-30 14:00:00+00:00,2024-03-30 16:00:00+00:00,195.9,197.6,0.008677896886166353
C4,2024-03-30 23:00:00+00:00,2024-03-31 04:00:00+00:00,194.2,195.4,0.0061791967044285126
C14,2024-04-01 05:00:00+00:00,2024-04-01 06:00:00+00:00,11.774,11.914,0.011890606420927517
C16,2024-04-01 05:00:00+00:00,2024-04-01 06:00:00+00:00,12.305,12.431,0.010239739943112511
C2,2024-04-01 05:00:00+00:00,2024-04-01 11:00:00+00:00,69167.48,69460.01,0.0042292996651027166
C16,2024-04-01 17:00:00+00:00,2024-04-01 18:00:00+00:00,12.174,12.18,0.0004928536224741439
C4,2024-04-01 05:00:00+00:00,2024-04-01 19:00:00+00:00,194.74,193.33,-0.007240423128273578
C1,2024-04-02 00:00:00+00:00,2024-04-02 01:00:00+00:00,2.8217,2.8446,0.00811567494772652
C16,2024-04-02 02:00:00+00:00,2024-04-02 03:00:00+00:00,11.777,11.697,-0.006792901418018178
C2,2024-04-02 02:00:00+00:00,2024-04-02 07:00:00+00:00,66996.0,66455.5,-0.008067645829601768
C4,2024-04-02 02:00:00+00:00,2024-04-02 15:00:00+00:00,185.4,177.43,-0.042988133764832785
C2,2024-04-07 19:00:00+00:00,2024-04-07 22:00:00+00:00,69068.01,69200.0,0.0019110149546802528
C11,2024-04-10 02:00:00+00:00,2024-04-10 03:00:00+00:00,0.5771,0.5825,0.009357130479986263
C10,2024-04-11 11:00:00+00:00,2024-04-11 12:00:00+00:00,592.8,601.1,0.014001349527665434
C10,2024-04-12 14:00:00+00:00,2024-04-12 15:00:00+00:00,609.1,612.7,0.005910359546872472
C10,2024-04-13 01:00:00+00:00,2024-04-13 02:00:00+00:00,567.0,579.3,0.02169312169312161
C10,2024-04-13 17:00:00+00:00,2024-04-13 18:00:00+00:00,578.0,582.2,0.007266435986159248
C11,2024-04-21 16:00:00+00:00,2024-04-21 17:00:00+00:00,0.4932,0.4956,0.004866180048661715
C9,2024-04-21 16:00:00+00:00,2024-04-21 17:00:00+00:00,83.47,83.82,0.0041931232778243
C4,2024-04-21 12:00:00+00:00,2024-04-22 00:00:00+00:00,150.1,148.94,-0.007728181212524961
C4,2024-04-22 07:00:00+00:00,2024-04-22 09:00:00+00:00,153.62,153.89,0.0017575836479623865
C4,2024-04-22 18:00:00+00:00,2024-04-22 19:00:00+00:00,154.15,154.55,0.002594875121634808
C4,2024-04-23 03:00:00+00:00,2024-04-23 05:00:00+00:00,155.51,155.69,0.0011574818339657052
C5,2024-04-23 06:00:00+00:00,2024-04-23 08:00:00+00:00,38.55,38.35,-0.005188067444876673
C4,2024-04-23 14:00:00+00:00,2024-04-23 16:00:00+00:00,158.26,158.06,-0.0012637432073801887
C4,2024-04-24 05:00:00+00:00,2024-04-24 07:00:00+00:00,157.97,157.84,-0.0008229410647591027
C5,2024-04-24 14:00:00+00:00,2024-04-24 16:00:00+00:00,37.58,36.96,-0.016498137307078165
C15,2024-04-24 15:00:00+00:00,2024-04-24 17:00:00+00:00,0.7145,0.7193,0.006717984604618651
C11,2024-04-24 13:00:00+00:00,2024-04-24 19:00:00+00:00,0.4885,0.4801,-0.017195496417604837
C1,2024-04-24 20:00:00+00:00,2024-04-24 21:00:00+00:00,2.3356,2.3369,0.0005566021579037845
C18,2024-04-24 20:00:00+00:00,2024-04-24 21:00:00+00:00,0.96638,0.96978,0.0035182847327137963
C20,2024-04-24 20:00:00+00:00,2024-04-24 21:00:00+00:00,8.548,8.607,0.0069021993448759094
C9,2024-04-24 19:00:00+00:00,2024-04-24 21:00:00+00:00,84.58,84.3,-0.0033104752896666013
C15,2024-04-25 02:00:00+00:00,2024-04-25 04:00:00+00:00,0.7124,0.7108,-0.0022459292532285876
C4,2024-04-24 16:00:00+00:00,2024-04-25 04:00:00+00:00,151.82,147.38,-0.029245158740613873
C20,2024-04-25 04:00:00+00:00,2024-04-25 05:00:00+00:00,8.456,8.489,0.003902554399243289
C1,2024-04-25 10:00:00+00:00,2024-04-25 11:00:00+00:00,2.2103,2.2535,0.019544858164049984
C4,2024-04-25 10:00:00+00:00,2024-04-25 15:00:00+00:00,143.74,147.81,0.02831501321831079
C10,2024-04-26 09:00:00+00:00,2024-04-26 10:00:00+00:00,604.0,602.7,-0.002152317880794627
C9,2024-04-26 13:00:00+00:00,2024-04-26 17:00:00+00:00,87.82,87.25,-0.006490548849920215
C9,2024-04-27 00:00:00+00:00,2024-04-27 03:00:00+00:00,87.4,87.89,0.005606407322654403
C9,2024-04-27 09:00:00+00:00,2024-04-27 13:00:00+00:00,86.04,84.79,-0.014528126452812644
C9,2024-04-27 19:00:00+00:00,2024-04-27 23:00:00+00:00,84.09,83.88,-0.002497324295397883
C9,2024-04-28 05:00:00+00:00,2024-04-28 06:00:00+00:00,84.42,84.91,0.005804311774460967
C9,2024-04-28 12:00:00+00:00,2024-04-28 13:00:00+00:00,84.27,84.6,0.003915984336062636
C15,2024-04-29 08:00:00+00:00,2024-04-29 10:00:00+00:00,0.7023,0.7013,-0.0014238929232521726
C10,2024-04-30 09:00:00+00:00,2024-04-30 11:00:00+00:00,584.2,568.5,-0.026874358096542355
C13,2024-05-03 07:00:00+00:00,2024-05-03 11:00:00+00:00,7.051,7.063,0.0017018862572684111
C4,2024-05-03 22:00:00+00:00,2024-05-04 00:00:00+00:00,143.37,144.2,0.005789216712003795
C13,2024-05-04 01:00:00+00:00,2024-05-04 04:00:00+00:00,7.185,7.19,0.0006958942240780489
C4,2024-05-04 07:00:00+00:00,2024-05-04 08:00:00+00:00,143.96,144.93,0.0067379827729924895
C4,2024-05-04 15:00:00+00:00,2024-05-04 19:00:00+00:00,146.18,147.4,0.008345874948693384
C1,2024-05-05 01:00:00+00:00,2024-05-05 02:00:00+00:00,2.125,2.1127,-0.005788235294117741
C4,2024-05-05 01:00:00+00:00,2024-05-05 10:00:00+00:00,144.54,146.07,0.010585305105853059
C4,2024-05-06 12:00:00+00:00,2024-05-06 13:00:00+00:00,151.0,153.59,0.017152317880794726
C15,2024-05-06 10:00:00+00:00,2024-05-06 16:00:00+00:00,0.755,0.7171,-0.0501986754966888
C13,2024-05-06 16:00:00+00:00,2024-05-06 17:00:00+00:00,7.127,7.195,0.009541181422758595
C15,2024-05-06 17:00:00+00:00,2024-05-06 21:00:00+00:00,0.7172,0.7187,0.002091466815393275
C4,2024-05-07 00:00:00+00:00,2024-05-07 01:00:00+00:00,153.56,157.44,0.025266996613701454
C5,2024-05-07 05:00:00+00:00,2024-05-07 11:00:00+00:00,36.84,36.44,-0.010857763300760197
C4,2024-05-07 09:00:00+00:00,2024-05-07 23:00:00+00:00,157.39,148.03,-0.059470106105851614
C17,2024-05-08 07:00:00+00:00,2024-05-08 08:00:00+00:00,86.27,86.37,0.0011591515011012928
C20,2024-05-08 09:00:00+00:00,2024-05-08 10:00:00+00:00,9.985,10.095,0.011016524787180893
C4,2024-05-08 00:00:00+00:00,2024-05-08 14:00:00+00:00,149.24,147.77,-0.009849906191369598
C2,2024-05-08 20:00:00+00:00,2024-05-08 23:00:00+00:00,61570.01,61193.03,-0.006122786077182758
C20,2024-05-08 23:00:00+00:00,2024-05-09 00:00:00+00:00,9.893,10.247,0.03578287678156264
C4,2024-05-08 20:00:00+00:00,2024-05-09 12:00:00+00:00,141.08,144.19,0.022044230223986282
C4,2024-05-10 12:00:00+00:00,2024-05-10 13:00:00+00:00,153.29,153.03,-0.001696131515428214
C1,2024-05-10 14:00:00+00:00,2024-05-10 17:00:00+00:00,2.1949,2.1728,-0.01006879584491321
C17,2024-05-10 17:00:00+00:00,2024-05-10 18:00:00+00:00,84.32,85.06,0.008776091081594037
C18,2024-05-10 17:00:00+00:00,2024-05-10 18:00:00+00:00,0.91031,0.92711,0.018455251507728178
C4,2024-05-10 20:00:00+00:00,2024-05-11 14:00:00+00:00,146.15,144.88,-0.008689702360588506
C2,2024-05-13 21:00:00+00:00,2024-05-13 23:00:00+00:00,62901.75,62940.08,0.0006093630145425484
C2,2024-05-14 06:00:00+00:00,2024-05-14 08:00:00+00:00,62042.0,61861.0,-0.002917378550014506
C4,2024-05-14 06:00:00+00:00,2024-05-14 14:00:00+00:00,146.07,143.49,-0.017662764428013858
C20,2024-05-14 13:00:00+00:00,2024-05-14 18:00:00+00:00,10.117,10.012,-0.01037857072254625
C2,2024-05-15 13:00:00+00:00,2024-05-15 15:00:00+00:00,64145.99,64725.11,0.009028155929934242
C2,2024-05-16 01:00:00+00:00,2024-05-16 03:00:00+00:00,65985.99,65975.39,-0.00016064016013104932
C1,2024-05-16 14:00:00+00:00,2024-05-16 15:00:00+00:00,2.1849,2.1973,0.005675316948144065
C2,2024-05-16 14:00:00+00:00,2024-05-17 00:00:00+00:00,65598.7,65508.69,-0.001372130850153963
C4,2024-05-16 14:00:00+00:00,2024-05-17 06:00:00+00:00,158.51,166.79,0.05223645195886696
C2,2024-05-17 07:00:00+00:00,2024-05-17 10:00:00+00:00,66386.94,66500.48,0.0017102761476879879
C4,2024-05-17 13:00:00+00:00,2024-05-17 14:00:00+00:00,166.4,168.32,0.011538461538461463
C2,2024-05-17 16:00:00+00:00,2024-05-17 19:00:00+00:00,66929.99,67047.99,0.0017630362711842627
C4,2024-05-17 21:00:00+00:00,2024-05-17 22:00:00+00:00,167.64,168.65,0.006024815079933306
C2,2024-05-18 09:00:00+00:00,2024-05-18 11:00:00+00:00,67125.04,67190.82,0.0009799621720897804
C16,2024-05-19 00:00:00+00:00,2024-05-19 02:00:00+00:00,7.795,7.88,0.010904425914047462
C16,2024-05-19 09:00:00+00:00,2024-05-19 13:00:00+00:00,7.847,7.776,-0.009048043838409662
C4,2024-05-20 06:00:00+00:00,2024-05-20 07:00:00+00:00,176.03,178.03,0.011361699710276658
C2,2024-05-20 07:00:00+00:00,2024-05-20 19:00:00+00:00,66825.14,69999.99,0.04750981442014197
C17,2024-05-21 09:00:00+00:00,2024-05-21 10:00:00+00:00,98.04,98.36,0.0032639738882088245
C2,2024-05-21 05:00:00+00:00,2024-05-21 10:00:00+00:00,71209.86,71056.0,-0.0021606558417612476
C4,2024-05-21 04:00:00+00:00,2024-05-21 19:00:00+00:00,182.44,175.3,-0.03913615435211569
C2,2024-05-21 19:00:00+00:00,2024-05-21 20:00:00+00:00,69285.99,69727.01,0.006365211783796255
C2,2024-05-22 04:00:00+00:00,2024-05-22 05:00:00+00:00,69599.98,69898.12,0.004283621920581003
C4,2024-05-22 07:00:00+00:00,2024-05-22 08:00:00+00:00,179.89,180.55,0.003668908777586442
C3,2024-05-22 11:00:00+00:00,2024-05-22 13:00:00+00:00,3690.6,3695.79,0.0014062754023736125
C2,2024-05-22 11:00:00+00:00,2024-05-22 16:00:00+00:00,69736.13,70229.88,0.007080260978061157
C16,2024-05-22 12:00:00+00:00,2024-05-22 17:00:00+00:00,9.048,9.184,0.015030946065428739
C4,2024-05-22 15:00:00+00:00,2024-05-22 19:00:00+00:00,181.39,178.36,-0.016704338717679987
C20,2024-05-23 05:00:00+00:00,2024-05-23 06:00:00+00:00,10.543,10.59,0.004457934174333738
C18,2024-05-23 06:00:00+00:00,2024-05-23 07:00:00+00:00,1.0316,1.027,-0.004459092671578286
C17,2024-05-23 07:00:00+00:00,2024-05-23 08:00:00+00:00,96.14,95.52,-0.006448928645725032
C20,2024-05-23 12:00:00+00:00,2024-05-23 13:00:00+00:00,10.367,10.193,-0.016784026237098605
C1,2024-05-23 13:00:00+00:00,2024-05-23 14:00:00+00:00,2.367,2.349,-0.007604562737642499
C16,2024-05-23 13:00:00+00:00,2024-05-23 18:00:00+00:00,9.406,9.157,-0.026472464384435523
C2,2024-05-23 14:00:00+00:00,2024-05-23 20:00:00+00:00,67748.63,67802.89,0.0008009018042135282
C4,2024-05-23 03:00:00+00:00,2024-05-23 21:00:00+00:00,178.79,178.97,0.0010067677163152684
C1,2024-05-24 06:00:00+00:00,2024-05-24 07:00:00+00:00,2.283,2.298,0.006570302233902814
C3,2024-05-24 05:00:00+00:00,2024-05-24 07:00:00+00:00,3728.47,3679.24,-0.013203807459896424
C18,2024-05-24 10:00:00+00:00,2024-05-24 11:00:00+00:00,0.9566,0.9608,0.004390549864102008
C2,2024-05-24 13:00:00+00:00,2024-05-24 14:00:00+00:00,67077.12,67869.48,0.011812671742615077
C4,2024-05-24 03:00:00+00:00,2024-05-24 14:00:00+00:00,172.01,167.5,-0.026219405848497128
C4,2024-05-24 20:00:00+00:00,2024-05-24 22:00:00+00:00,168.14,167.25,-0.005293208040918202
C2,2024-05-24 23:00:00+00:00,2024-05-25 01:00:00+00:00,68549.99,68613.46,0.00092589364345642
C2,2024-05-25 11:00:00+00:00,2024-05-25 12:00:00+00:00,69104.67,69116.3,0.00016829542779098224
C16,2024-05-25 16:00:00+00:00,2024-05-25 17:00:00+00:00,10.801,11.043,0.02240533283955181
C16,2024-05-26 04:00:00+00:00,2024-05-26 06:00:00+00:00,11.177,11.237,0.0053681667710477315
C17,2024-05-26 06:00:00+00:00,2024-05-26 07:00:00+00:00,105.2,105.28,0.0007604562737642424
C16,2024-05-26 17:00:00+00:00,2024-05-27 00:00:00+00:00,11.417,11.261,-0.013663834632565524
C17,2024-05-26 23:00:00+00:00,2024-05-27 00:00:00+00:00,109.59,109.2,-0.0035587188612099694
C17,2024-05-27 18:00:00+00:00,2024-05-27 20:00:00+00:00,108.34,108.87,0.004892006645744887
C2,2024-05-27 16:00:00+00:00,2024-05-27 20:00:00+00:00,70161.22,69660.01,-0.007143689918732975
C2,2024-05-28 02:00:00+00:00,2024-05-28 08:00:00+00:00,68680.0,68159.99,-0.007571490972626598
C17,2024-05-28 10:00:00+00:00,2024-05-28 11:00:00+00:00,106.25,105.76,-0.004611764705882305
C17,2024-05-28 19:00:00+00:00,2024-05-28 20:00:00+00:00,106.06,105.65,-0.0038657363756364
C2,2024-05-28 23:00:00+00:00,2024-05-29 00:00:00+00:00,68398.39,68496.0,0.00142708037426028
C16,2024-05-29 04:00:00+00:00,2024-05-29 05:00:00+00:00,11.128,10.995,-0.011951833213515537
C2,2024-05-29 07:00:00+00:00,2024-05-29 10:00:00+00:00,67946.9,67989.89,0.0006326999465760063
C4,2024-05-29 07:00:00+00:00,2024-05-29 12:00:00+00:00,170.8,168.79,-0.011768149882904094
C16,2024-05-29 12:00:00+00:00,2024-05-29 15:00:00+00:00,10.701,10.508,-0.018035697598355424
C4,2024-05-29 18:00:00+00:00,2024-05-30 03:00:00+00:00,169.5,169.99,0.002890855457227192
C16,2024-05-30 21:00:00+00:00,2024-05-31 00:00:00+00:00,10.694,10.86,0.015522723022255337
C17,2024-05-31 04:00:00+00:00,2024-05-31 05:00:00+00:00,103.19,102.37,-0.007946506444422843
C2,2024-05-31 06:00:00+00:00,2024-05-31 07:00:00+00:00,68272.0,68174.99,-0.0014209339114130942
C16,2024-05-31 06:00:00+00:00,2024-05-31 08:00:00+00:00,10.642,10.656,0.0013155421913175272
C2,2024-05-31 13:00:00+00:00,2024-05-31 14:00:00+00:00,68078.34,67501.76,-0.008469360445627813
C16,2024-05-31 15:00:00+00:00,2024-05-31 16:00:00+00:00,10.41,10.454,0.004226705091258452
C17,2024-05-31 15:00:00+00:00,2024-05-31 16:00:00+00:00,100.77,101.43,0.006549568323906032
C16,2024-05-31 22:00:00+00:00,2024-06-01 04:00:00+00:00,10.028,10.017,-0.001096928599920324
C2,2024-06-03 14:00:00+00:00,2024-06-03 15:00:00+00:00,68776.01,69615.28,0.012202946928732913
C2,2024-06-03 21:00:00+00:00,2024-06-04 01:00:00+00:00,69081.17,69215.4,0.0019430765286690414
C2,2024-06-04 08:00:00+00:00,2024-06-04 10:00:00+00:00,68836.54,68890.66,0.0007862103470048015
C16,2024-06-05 07:00:00+00:00,2024-06-05 11:00:00+00:00,11.241,11.151,-0.008006405124099267
C16,2024-06-06 03:00:00+00:00,2024-06-06 06:00:00+00:00,10.801,10.744,-0.005277289139894489
C16,2024-06-06 19:00:00+00:00,2024-06-06 20:00:00+00:00,10.489,10.632,0.01363333015540079
C20,2024-06-07 18:00:00+00:00,2024-06-07 19:00:00+00:00,9.329,9.51,0.019401865151677473
C2,2024-06-07 17:00:00+00:00,2024-06-07 22:00:00+00:00,69803.59,69499.0,-0.004363529153729722
C14,2024-06-07 18:00:00+00:00,2024-06-07 23:00:00+00:00,7.996,8.102,0.013256628314157063
C11,2024-06-07 18:00:00+00:00,2024-06-08 01:00:00+00:00,0.4466,0.4466,0.0
C8,2024-06-17 20:00:00+00:00,2024-06-17 21:00:00+00:00,0.5096,0.5097,0.0001962323390894603
C8,2024-06-18 06:00:00+00:00,2024-06-18 07:00:00+00:00,0.4891,0.5007,0.023717031281946546
C8,2024-06-18 13:00:00+00:00,2024-06-18 20:00:00+00:00,0.4895,0.4872,-0.004698672114402388
C19,2024-06-22 12:00:00+00:00,2024-06-22 15:00:00+00:00,0.6166,0.64,0.03795004865390849
C17,2024-06-25 15:00:00+00:00,2024-06-25 18:00:00+00:00,91.66,91.4,-0.002836569932358618
C17,2024-06-26 09:00:00+00:00,2024-06-26 10:00:00+00:00,90.17,91.02,0.009426638571586939
C18,2024-06-27 05:00:00+00:00,2024-06-27 06:00:00+00:00,0.6729,0.6721,-0.0011888839352058595
C17,2024-06-27 14:00:00+00:00,2024-06-27 15:00:00+00:00,92.6,91.44,-0.01252699784017275
C18,2024-06-27 18:00:00+00:00,2024-06-27 19:00:00+00:00,0.6392,0.6414,0.0034418022528159885
C19,2024-06-28 12:00:00+00:00,2024-06-28 13:00:00+00:00,0.6284,0.6134,-0.02387014640356463
C11,2024-06-29 16:00:00+00:00,2024-06-29 17:00:00+00:00,0.3889,0.3871,-0.004628439187451848
